<?xml version="1.0" encoding="UTF-8"?>
<con:HL7V2MessageValidationContextDefinition xmlns:con="http://www.nist.gov/healthcare/validation/message/hl7/v2/context"><con:ValidationConfiguration><con:HL7Tables><con:All/></con:HL7Tables><con:UserTables><con:All/></con:UserTables></con:ValidationConfiguration><con:FailureInterpretation><con:MessageFailure Result="IGNORE" Type="LENGTH"/></con:FailureInterpretation><con:MessageInstanceSpecificValues><!--MSH[1].9[1].1--><con:DataValueLocationItem><con:Location><mes:Segment Name="MSH" InstanceNumber="1" xmlns:mes="http://www.nist.gov/healthcare/message"><mes:Field Position="9" InstanceNumber="1"><mes:Component Position="1"/></mes:Field></mes:Segment></con:Location><con:Value><val:PlainText xmlns:val="http://www.nist.gov/healthcare/validation">RSP</val:PlainText></con:Value></con:DataValueLocationItem><!--MSH[1].9[1].2--><con:DataValueLocationItem><con:Location><mes:Segment Name="MSH" InstanceNumber="1" xmlns:mes="http://www.nist.gov/healthcare/message"><mes:Field Position="9" InstanceNumber="1"><mes:Component Position="2"/></mes:Field></mes:Segment></con:Location><con:Value><val:PlainText xmlns:val="http://www.nist.gov/healthcare/validation">K23</val:PlainText></con:Value></con:DataValueLocationItem><!--MSH[1].9[1].3--><con:DataValueLocationItem><con:Location><mes:Segment Name="MSH" InstanceNumber="1" xmlns:mes="http://www.nist.gov/healthcare/message"><mes:Field Position="9" InstanceNumber="1"><mes:Component Position="3"/></mes:Field></mes:Segment></con:Location><con:Value><val:PlainText xmlns:val="http://www.nist.gov/healthcare/validation">RSP_K23</val:PlainText></con:Value></con:DataValueLocationItem><!--MSA[1].1[1]--><con:DataValueLocationItem><con:Location><mes:Segment Name="MSA" InstanceNumber="1" xmlns:mes="http://www.nist.gov/healthcare/message"><mes:Field Position="1" InstanceNumber="1"/></mes:Segment></con:Location><con:Value><val:PlainText xmlns:val="http://www.nist.gov/healthcare/validation">AA</val:PlainText></con:Value></con:DataValueLocationItem><!--QAK[1].2[1]--><con:DataValueLocationItem><con:Location><mes:Segment Name="QAK" InstanceNumber="1" xmlns:mes="http://www.nist.gov/healthcare/message"><mes:Field Position="2" InstanceNumber="1"/></mes:Segment></con:Location><con:Value><val:PlainText xmlns:val="http://www.nist.gov/healthcare/validation">OK</val:PlainText></con:Value></con:DataValueLocationItem><!--PID[1].3[1].1--><con:DataValueLocationItem><con:Location><mes:Segment Name="PID" InstanceNumber="1" xmlns:mes="http://www.nist.gov/healthcare/message"><mes:Field Position="3" InstanceNumber="1"><mes:Component Position="1"/></mes:Field></mes:Segment></con:Location><con:Value><val:PlainText xmlns:val="http://www.nist.gov/healthcare/validation">XYZ10501</val:PlainText></con:Value></con:DataValueLocationItem><!--PID[1].3[1].4.1--><con:DataValueLocationItem><con:Location><mes:Segment Name="PID" InstanceNumber="1" xmlns:mes="http://www.nist.gov/healthcare/message"><mes:Field Position="3" InstanceNumber="1"><mes:Component Position="4"><mes:SubComponent Position="1"/></mes:Component></mes:Field></mes:Segment></con:Location><con:Value><val:PlainText xmlns:val="http://www.nist.gov/healthcare/validation">NIST2010-2</val:PlainText></con:Value></con:DataValueLocationItem><!--PID[1].3[1].4.2--><con:DataValueLocationItem><con:Location><mes:Segment Name="PID" InstanceNumber="1" xmlns:mes="http://www.nist.gov/healthcare/message"><mes:Field Position="3" InstanceNumber="1"><mes:Component Position="4"><mes:SubComponent Position="2"/></mes:Component></mes:Field></mes:Segment></con:Location><con:Value><val:PlainText xmlns:val="http://www.nist.gov/healthcare/validation">2.16.840.1.113883.3.72.5.9.2</val:PlainText></con:Value></con:DataValueLocationItem><!--PID[1].3[1].4.3--><con:DataValueLocationItem><con:Location><mes:Segment Name="PID" InstanceNumber="1" xmlns:mes="http://www.nist.gov/healthcare/message"><mes:Field Position="3" InstanceNumber="1"><mes:Component Position="4"><mes:SubComponent Position="3"/></mes:Component></mes:Field></mes:Segment></con:Location><con:Value><val:PlainText xmlns:val="http://www.nist.gov/healthcare/validation">ISO</val:PlainText></con:Value></con:DataValueLocationItem><!--PID[1].5[2].7--><con:DataValueLocationItem><con:Location><mes:Segment Name="PID" InstanceNumber="1" xmlns:mes="http://www.nist.gov/healthcare/message"><mes:Field Position="5" InstanceNumber="2"><mes:Component Position="7"/></mes:Field></mes:Segment></con:Location><con:Value><val:PlainText xmlns:val="http://www.nist.gov/healthcare/validation">S</val:PlainText></con:Value></con:DataValueLocationItem><!--PID[1].3[1].1--><con:DataValueLocationItem><con:Location><mes:Segment Name="PID" InstanceNumber="1" xmlns:mes="http://www.nist.gov/healthcare/message"><mes:Field Position="3" InstanceNumber="1"><mes:Component Position="1"/></mes:Field></mes:Segment></con:Location><con:Value><val:Present xmlns:val="http://www.nist.gov/healthcare/validation"/></con:Value></con:DataValueLocationItem><!--PID[1].3[1].4.1--><con:DataValueLocationItem><con:Location><mes:Segment Name="PID" InstanceNumber="1" xmlns:mes="http://www.nist.gov/healthcare/message"><mes:Field Position="3" InstanceNumber="1"><mes:Component Position="4"><mes:SubComponent Position="1"/></mes:Component></mes:Field></mes:Segment></con:Location><con:Value><val:Present xmlns:val="http://www.nist.gov/healthcare/validation"/></con:Value></con:DataValueLocationItem><!--PID[1].3[1].4.2--><con:DataValueLocationItem><con:Location><mes:Segment Name="PID" InstanceNumber="1" xmlns:mes="http://www.nist.gov/healthcare/message"><mes:Field Position="3" InstanceNumber="1"><mes:Component Position="4"><mes:SubComponent Position="2"/></mes:Component></mes:Field></mes:Segment></con:Location><con:Value><val:Present xmlns:val="http://www.nist.gov/healthcare/validation"/></con:Value></con:DataValueLocationItem><!--PID[1].3[1].4.3--><con:DataValueLocationItem><con:Location><mes:Segment Name="PID" InstanceNumber="1" xmlns:mes="http://www.nist.gov/healthcare/message"><mes:Field Position="3" InstanceNumber="1"><mes:Component Position="4"><mes:SubComponent Position="3"/></mes:Component></mes:Field></mes:Segment></con:Location><con:Value><val:Present xmlns:val="http://www.nist.gov/healthcare/validation"/></con:Value></con:DataValueLocationItem><!--PID[1].5[2].7--><con:DataValueLocationItem><con:Location><mes:Segment Name="PID" InstanceNumber="1" xmlns:mes="http://www.nist.gov/healthcare/message"><mes:Field Position="5" InstanceNumber="2"><mes:Component Position="7"/></mes:Field></mes:Segment></con:Location><con:Value><val:Present xmlns:val="http://www.nist.gov/healthcare/validation"/></con:Value></con:DataValueLocationItem></con:MessageInstanceSpecificValues></con:HL7V2MessageValidationContextDefinition>