<?xml version="1.0" encoding="UTF-8"?>
<!--This HL7 Message profile was written by the INRIA IHE-Development Team for IHE Europe PLACE_HERE_LICENCE_TEXT-->
<HL7v2xConformanceProfile HL7Version="2.5" ProfileType="Constrainable" xmlns:xsi="http://www.w3.org/2001/XMLSchema-instance" xsi:noNamespaceSchemaLocation="http://gazelle.ihe.net/xsd/HL7MessageProfileSchema.xsd">
	<MetaData Name="PIX Query" OrgName="IHE" Version="2.3" Status="DRAFT" Topics="confsig-IHE-2.5-profile-accNE_accAL-Deferred"/>
	<ImpNote>RSP - Get corresponding identifiers response</ImpNote>
	<UseCase/>
	<Encodings>
		<Encoding>ER7</Encoding>
	</Encodings>
	<DynamicDef AccAck="NE" AppAck="AL" MsgAckMode="Deferred"/>
	<HL7v2xStaticDef MsgType="RSP" EventType="K23" MsgStructID="RSP_K23" EventDesc="RSP - Get corresponding identifiers response" Role="Sender">
		<MetaData Name="PIX" OrgName="IHE" Version="2.3" Status="DRAFT" Topics="confsig-IHE-2.5-static-RSP-K23-null-RSP_K23-2.3-DRAFT-Sender"/>
		<Segment Name="MSH" LongName="Message Header" Usage="R" Min="1" Max="1">
			<Field Name="Field Separator" Usage="R" Min="1" Max="1" Datatype="ST" Length="1" ItemNo="00001">
				<Reference>2.15.9.1</Reference>
			</Field>
			<Field Name="Encoding Characters" Usage="R" Min="1" Max="1" Datatype="ST" Length="4" ItemNo="00002">
				<Reference>2.15.9.2</Reference>
			</Field>
			<!--06/30/2009 : modified by Caroline Rosin (NIST) <Field Name="Sending Application" Usage="R" Min="1" Max="1" Datatype="HD" Length="227" Table="0361" ItemNo="00003">-->
			<Field Name="Sending Application" Usage="R" Min="1" Max="1" Datatype="HD" Length="180" Table="0361" ItemNo="00003">
				<Reference>2.15.9.3</Reference>
				<Component Table="0300" Name="namespace ID" Usage="O" Datatype="IS" Length="20"/>
				<Component Name="universal ID" Usage="C" Datatype="ST" Length="199"/>
				<Component Name="universal ID type" Usage="C" Datatype="ID" Length="6" Table="0301"/>
			</Field>
			<!--06/30/2009 : modified by Caroline Rosin (NIST) <Field Name="Sending Facility" Usage="R" Min="1" Max="1" Datatype="HD" Length="227" Table="0362" ItemNo="00004">-->
			<Field Name="Sending Facility" Usage="R" Min="1" Max="1" Datatype="HD" Length="180" Table="0362" ItemNo="00004">
				<Reference>2.15.9.4</Reference>
				<Component Table="0300" Name="namespace ID" Usage="O" Datatype="IS" Length="20"/>
				<Component Name="universal ID" Usage="C" Datatype="ST" Length="199"/>
				<Component Name="universal ID type" Usage="C" Datatype="ID" Length="6" Table="0301"/>
			</Field>
			<!--06/30/2009 : modified by Caroline Rosin (NIST) <Field Name="Receiving Application" Usage="R" Min="1" Max="1" Datatype="HD" Length="227" Table="0361" ItemNo="00005">-->
			<Field Name="Receiving Application" Usage="R" Min="1" Max="1" Datatype="HD" Length="180" Table="0361" ItemNo="00005">
				<Reference>2.15.9.5</Reference>
				<Component Table="0300" Name="namespace ID" Usage="O" Datatype="IS" Length="20"/>
				<Component Name="universal ID" Usage="C" Datatype="ST" Length="199"/>
				<Component Name="universal ID type" Usage="C" Datatype="ID" Length="6" Table="0301"/>
			</Field>
			<!--06/30/2009 : modified by Caroline Rosin (NIST) <Field Name="Receiving Facility" Usage="R" Min="1" Max="1" Datatype="HD" Length="227" Table="0362" ItemNo="00006">-->
			<Field Name="Receiving Facility" Usage="R" Min="1" Max="1" Datatype="HD" Length="180" Table="0362" ItemNo="00006">
				<Reference>2.15.9.6</Reference>
				<Component Table="0300" Name="namespace ID" Usage="O" Datatype="IS" Length="20"/>
				<Component Name="universal ID" Usage="C" Datatype="ST" Length="199"/>
				<Component Name="universal ID type" Usage="C" Datatype="ID" Length="6" Table="0301"/>
			</Field>
			<Field Name="Date/Time Of Message" Usage="R" Min="1" Max="1" Datatype="TS" Length="26" ItemNo="00007">
				<Reference>2.15.9.7</Reference>
				<Component Name="time" Usage="R" Datatype="DTM" Length="24">
					<DataValues ExValue="20040328134623.1234+0300"/>
				</Component>
				<Component Name="degree of precision" Usage="X" Datatype="ST" Length="1" Table="0529">
					<ImpNote>Retained for backward compatibility only</ImpNote>
					<DataValues ExValue="D"/>
				</Component>
			</Field>
			<Field Name="Security" Usage="O" Min="0" Max="1" Datatype="ST" Length="40" ItemNo="00008">
				<Reference>2.15.9.8</Reference>
			</Field>
			<Field Name="Message Type" Usage="R" Min="1" Max="1" Datatype="MSG" Length="13" ItemNo="00009">
				<Reference>2.15.9.9</Reference>
				<Component Name="message code" Usage="R" Datatype="ID" Length="3" Table="0076"/>
				<Component Name="trigger event" Usage="R" Datatype="ID" Length="3" Table="0003"/>
				<Component Name="message structure" Usage="R" Datatype="ID" Length="7" Table="0354"/>
			</Field>
			<Field Name="Message Control ID" Usage="R" Min="1" Max="1" Datatype="ST" Length="20" ItemNo="00010">
				<Reference>2.15.8.2</Reference>
			</Field>
			<Field Name="Processing ID" Usage="R" Min="1" Max="1" Datatype="PT" Length="3" ItemNo="00011">
				<Reference>2.15.9.11</Reference>
				<Component Name="processing ID" Usage="O" Datatype="ID" Length="1" Table="0103"/>
				<Component Name="processing mode" Usage="O" Datatype="ID" Length="1" Table="0207"/>
			</Field>
			<!--06/30/2009 : modified by Caroline Rosin (NIST) <Field Name="Version ID" Usage="R" Min="1" Max="1" Datatype="VID" Length="971" ItemNo="00012">-->
			<Field Name="Version ID" Usage="R" Min="1" Max="1" Datatype="VID" Length="60" ItemNo="00012">
				<Reference>2.15.9.12</Reference>
				<!--10/01/2009 : modified by Caroline Rosin (NIST) <Component Name="version ID" Usage="O" Datatype="ID" Length="5" Table="0104"/>-->
				<Component Name="version ID" Usage="R" Datatype="ID" Length="5" Table="0104"/>
				<Component Name="internationalization code" Usage="O" Datatype="CE" Length="483" Table="0399">
					<SubComponent Name="identifier" Usage="O" Datatype="ST" Length="20"/>
					<SubComponent Name="text" Usage="O" Datatype="ST" Length="199"/>
					<SubComponent Name="name of coding system" Usage="O" Datatype="ID" Length="20" Table="0396"/>
					<SubComponent Name="alternate identifier" Usage="O" Datatype="ST" Length="20"/>
					<SubComponent Name="alternate text" Usage="O" Datatype="ST" Length="199"/>
					<SubComponent Name="name of alternate coding system" Usage="O" Datatype="ID" Length="20" Table="0396"/>
				</Component>
				<Component Name="international version ID" Usage="O" Datatype="CE" Length="483">
					<SubComponent Name="identifier" Usage="O" Datatype="ST" Length="20"/>
					<SubComponent Name="text" Usage="O" Datatype="ST" Length="199"/>
					<SubComponent Name="name of coding system" Usage="O" Datatype="ID" Length="20" Table="0396"/>
					<SubComponent Name="alternate identifier" Usage="O" Datatype="ST" Length="20"/>
					<SubComponent Name="alternate text" Usage="O" Datatype="ST" Length="199"/>
					<SubComponent Name="name of alternate coding system" Usage="O" Datatype="ID" Length="20" Table="0396"/>
				</Component>
			</Field>
			<Field Name="Sequence Number" Usage="O" Min="0" Max="1" Datatype="NM" Length="15" ItemNo="00013">
				<Reference>2.15.9.13</Reference>
			</Field>
			<Field Name="Continuation Pointer" Usage="O" Min="0" Max="1" Datatype="ST" Length="180" ItemNo="00014">
				<Reference>2.15.4.1</Reference>
			</Field>
			<Field Name="Accept Acknowledgment Type" Usage="O" Min="0" Max="1" Datatype="ID" Length="2" Table="0155" ItemNo="00015">
				<Reference>2.15.9.15</Reference>
			</Field>
			<Field Name="Application Acknowledgment Type" Usage="O" Min="0" Max="1" Datatype="ID" Length="2" Table="0155" ItemNo="00016">
				<Reference>2.15.9.16</Reference>
			</Field>
			<Field Name="Country Code" Usage="O" Min="0" Max="1" Datatype="ID" Length="3" Table="0399" ItemNo="00017">
				<Reference>2.15.9.17</Reference>
			</Field>
			<Field Name="Character Set" Usage="C" Min="0" Max="*" Datatype="ID" Length="16" Table="0211" ItemNo="00692">
				<Reference>2.15.9.18</Reference>
			</Field>
			<!--06/30/2009 : modified by Caroline Rosin (NIST) <Field Name="Principal Language Of Message" Usage="O" Min="0" Max="1" Datatype="CE" Length="478" ItemNo="00693">-->
			<Field Name="Principal Language Of Message" Usage="O" Min="0" Max="1" Datatype="CE" Length="250" ItemNo="00693">
				<Reference>2.15.9.19</Reference>
				<Component Name="identifier" Usage="O" Datatype="ST" Length="20"/>
				<Component Name="text" Usage="O" Datatype="ST" Length="199"/>
				<Component Name="name of coding system" Usage="O" Datatype="ID" Length="20" Table="0396"/>
				<Component Name="alternate identifier" Usage="O" Datatype="ST" Length="20"/>
				<Component Name="alternate text" Usage="O" Datatype="ST" Length="199"/>
				<Component Name="name of alternate coding system" Usage="O" Datatype="ID" Length="20" Table="0396"/>
			</Field>
			<Field Name="Alternate Character Set Handling Scheme" Usage="O" Min="0" Max="1" Datatype="ID" Length="20" Table="0356" ItemNo="01317">
				<Reference>2.15.9.20</Reference>
			</Field>
			<!--06/30/2009 : modified by Caroline Rosin (NIST) <Field Name="Message Profile Identifier" Usage="O" Min="0" Max="*" Datatype="EI" Length="427" ItemNo="01598">-->
			<Field Name="Message Profile Identifier" Usage="O" Min="0" Max="*" Datatype="ID" Length="10" ItemNo="01598">
				<Reference>2.15.9.21</Reference>
				<Component Name="entity identifier" Usage="O" Datatype="ST" Length="199"/>
				<Component Name="namespace ID" Usage="O" Datatype="IS" Length="20" Table="0363"/>
				<Component Name="universal ID" Usage="C" Datatype="ST" Length="199"/>
				<Component Name="universal ID type" Usage="C" Datatype="ID" Length="6" Table="0301"/>
			</Field>
		</Segment>
		<Segment Name="SFT" LongName="Software Segment" Usage="O" Min="0" Max="*">
			<Field Name="Software Vendor Organization" Usage="R" Min="1" Max="1" Datatype="XON" Length="567" ItemNo="01834">
				<Reference>2.15.12.1</Reference>
				<Component Name="organization name" Usage="O" Datatype="ST" Length="50"/>
				<Component Name="organization name type code" Usage="O" Datatype="IS" Length="20" Table="0204"/>
				<Component Name="ID number" Usage="X" Datatype="NM" Length="4"/>
				<Component Name="check digit" Usage="O" Datatype="NM" Length="1"/>
				<Component Name="check digit scheme" Usage="O" Datatype="ID" Length="3" Table="0061"/>
				<Component Name="assigning authority" Usage="O" Datatype="HD" Length="227" Table="0363">
					<SubComponent Table="0300" Name="namespace ID" Usage="O" Datatype="IS" Length="20"/>
					<SubComponent Name="universal ID" Usage="C" Datatype="ST" Length="199"/>
					<SubComponent Name="universal ID type" Usage="C" Datatype="ID" Length="6" Table="0301"/>
				</Component>
				<Component Datatype="ID" Name="identifier type code" Usage="O" Length="5" Table="0203"/>
				<Component Name="assigning facility ID" Usage="O" Datatype="HD" Length="227">
					<SubComponent Name="namespace ID" Usage="O" Datatype="IS" Length="20" Table="0300"/>
					<SubComponent Name="universal ID" Usage="C" Datatype="ST" Length="199"/>
					<SubComponent Name="universal ID type" Usage="C" Datatype="ID" Length="6" Table="0301"/>
				</Component>
				<Component Name="name eepresentation code" Usage="O" Datatype="ID" Length="1" Table="0465"/>
				<Component Name="organization identifier" Usage="O" Datatype="ST" Length="20"/>
			</Field>
			<Field Name="Software Certified Version or Release Number" Usage="R" Min="1" Max="1" Datatype="ST" Length="15" ItemNo="01835">
				<Reference>2.15.12.2</Reference>
			</Field>
			<Field Name="Software Product Name" Usage="R" Min="1" Max="1" Datatype="ST" Length="20" ItemNo="01836">
				<Reference>2.15.12.3</Reference>
			</Field>
			<Field Name="Software Binary ID" Usage="R" Min="1" Max="1" Datatype="ST" Length="20" ItemNo="01837">
				<Reference>2.15.12.4</Reference>
			</Field>
			<Field Name="Software Product Information" Usage="O" Min="0" Max="1" Datatype="TX" Length="1024" ItemNo="01838">
				<Reference>2.15.12.5</Reference>
			</Field>
			<Field Name="Software Install Date" Usage="O" Min="0" Max="1" Datatype="TS" Length="26" ItemNo="01839">
				<Reference>2.15.12.6</Reference>
				<Component Name="time" Usage="R" Datatype="DTM" Length="24">
					<DataValues ExValue="20040328134623.1234+0300"/>
				</Component>
				<Component Name="degree of precision" Usage="X" Datatype="ST" Length="1" Table="0529">
					<ImpNote>Retained for backward compatibility only</ImpNote>
					<DataValues ExValue="D"/>
				</Component>
			</Field>
		</Segment>
		<Segment Name="MSA" LongName="Message Acknowledgment" Usage="R" Min="1" Max="1">
			<Field Name="Acknowledgment Code" Usage="R" Min="1" Max="1" Datatype="ID" Length="2" Table="0008" ItemNo="00018">
				<Reference>2.15.8.1</Reference>
			</Field>
			<Field Name="Message Control ID" Usage="R" Min="1" Max="1" Datatype="ST" Length="20" ItemNo="00010">
				<Reference>2.15.8.2</Reference>
			</Field>
			<!--06/30/2009 : modified by Caroline Rosin (NIST) <Field Name="Text Message" Usage="O" Min="0" Max="1" Datatype="ST" Length="80" ItemNo="00020">-->
			<Field Name="Text Message" Usage="X" Min="0" Max="1" Datatype="ST" Length="80" ItemNo="00020">
				<Reference>2.15.8.3</Reference>
			</Field>
			<Field Name="Expected Sequence Number" Usage="O" Min="0" Max="1" Datatype="NM" Length="15" ItemNo="00021">
				<Reference>2.15.8.4</Reference>
			</Field>
			<!--06/30/2009 : modified by Caroline Rosin (NIST) <Field Name="Delayed Acknowledgment Type" Usage="O" Min="0" Max="1" Datatype="ID" Length="1" ItemNo="00022">-->
			<Field Name="Delayed Acknowledgment Type" Usage="X" Min="0" Max="1" Datatype="ID" Length="1" ItemNo="00022">
				<Reference>2.15.8.5</Reference>
			</Field>
			<!--06/30/2009 : modified by Caroline Rosin (NIST) <Field Name="Error Condition" Usage="O" Min="0" Max="1" Datatype="CE" Length="478" Table="0357" ItemNo="00023">-->
			<Field Name="Error Condition" Usage="X" Min="0" Max="1" Datatype="CE" Length="250" Table="0357" ItemNo="00023">
				<Reference>2.15.8.6</Reference>
				<Component Name="identifier" Usage="O" Datatype="ST" Length="20"/>
				<Component Name="text" Usage="O" Datatype="ST" Length="199"/>
				<Component Name="name of coding system" Usage="O" Datatype="ID" Length="20" Table="0396"/>
				<Component Name="alternate identifier" Usage="O" Datatype="ST" Length="20"/>
				<Component Name="alternate text" Usage="O" Datatype="ST" Length="199"/>
				<Component Name="name of alternate coding system" Usage="O" Datatype="ID" Length="20" Table="0396"/>
			</Field>
		</Segment>
		<Segment Name="ERR" LongName="Error" Usage="O" Min="0" Max="1">
			<!--06/30/2009 : modified by Caroline Rosin (NIST) <Field Name="Error Code and Location" Usage="R" Min="1" Max="1" Datatype="ELD" Length="493" ItemNo="00024">-->
			<Field Name="Error Code and Location" Usage="X" Min="0" Max="1" Datatype="ELD" Length="493" ItemNo="00024">
				<Reference>2.15.5.1</Reference>
				<Component Name="segment ID" Usage="O" Datatype="ST" Length="3"/>
				<Component Name="segment sequence" Usage="O" Datatype="NM" Length="2"/>
				<Component Name="field position" Usage="O" Datatype="NM" Length="2"/>
				<Component Name="code identifying error" Usage="O" Datatype="CE" Length="483">
					<SubComponent Name="identifier" Usage="O" Datatype="ST" Length="20"/>
					<SubComponent Name="text" Usage="O" Datatype="ST" Length="199"/>
					<SubComponent Name="name of coding system" Usage="O" Datatype="ID" Length="20" Table="0396"/>
					<SubComponent Name="alternate identifier" Usage="O" Datatype="ST" Length="20"/>
					<SubComponent Name="alternate text" Usage="O" Datatype="ST" Length="199"/>
					<SubComponent Name="name of alternate coding system" Usage="O" Datatype="ID" Length="20" Table="0396"/>
				</Component>
			</Field>
			<!--06/30/2009 : modified by Caroline Rosin (NIST) <Field Name="Error Location" Usage="O" Min="0" Max="*" Datatype="ERL" Length="18" ItemNo="01812">-->
			<Field Name="Error Location" Usage="RE" Min="0" Max="*" Datatype="ERL" Length="18" ItemNo="01812">
				<Reference>2.15.5.2</Reference>
				<Component Name="segment ID" Usage="R" Datatype="ST" Length="3"/>
				<Component Name="segment sequence" Usage="R" Datatype="NM" Length="2"/>
				<Component Name="field position" Usage="O" Datatype="NM" Length="2"/>
				<Component Name="field repeition" Usage="O" Datatype="NM" Length="2"/>
				<Component Name="component number" Usage="O" Datatype="NM" Length="2"/>
				<Component Name="sub-component number" Usage="O" Datatype="NM" Length="2"/>
			</Field>
			<Field Name="HL7 Error Code" Usage="R" Min="1" Max="1" Datatype="CWE" Length="705" Table="0357" ItemNo="01813">
				<Reference>2.15.5.3</Reference>
				<Component Name="identifier" Usage="O" Datatype="ST" Length="20"/>
				<Component Name="text" Usage="O" Datatype="ST" Length="199"/>
				<Component Name="name of coding system" Usage="O" Datatype="ID" Length="20" Table="0396"/>
				<Component Name="alternate identifier" Usage="O" Datatype="ST" Length="20"/>
				<Component Name="alternate text" Usage="O" Datatype="ST" Length="199"/>
				<Component Name="name of alternate coding system" Usage="O" Datatype="ID" Length="20" Table="0396"/>
				<Component Name="coding system version ID" Usage="O" Datatype="ST" Length="10"/>
				<Component Name="alternate coding system version ID" Usage="O" Datatype="ST" Length="10"/>
				<Component Name="original text" Usage="O" Datatype="ST" Length="199"/>
			</Field>
			<Field Name="Severity" Usage="R" Min="1" Max="1" Datatype="ID" Length="2" Table="0516" ItemNo="01814">
				<Reference>2.15.5.4</Reference>
			</Field>
			<Field Name="Application Error Code" Usage="O" Min="0" Max="1" Datatype="CWE" Length="705" Table="0533" ItemNo="01815">
				<Reference>2.15.5.5</Reference>
				<Component Name="identifier" Usage="O" Datatype="ST" Length="20"/>
				<Component Name="text" Usage="O" Datatype="ST" Length="199"/>
				<Component Name="name of coding system" Usage="O" Datatype="ID" Length="20" Table="0396"/>
				<Component Name="alternate identifier" Usage="O" Datatype="ST" Length="20"/>
				<Component Name="alternate text" Usage="O" Datatype="ST" Length="199"/>
				<Component Name="name of alternate coding system" Usage="O" Datatype="ID" Length="20" Table="0396"/>
				<Component Name="coding system version ID" Usage="O" Datatype="ST" Length="10"/>
				<Component Name="alternate coding system version ID" Usage="O" Datatype="ST" Length="10"/>
				<Component Name="original text" Usage="O" Datatype="ST" Length="199"/>
			</Field>
			<Field Name="Application Error Parameter" Usage="O" Min="0" Max="*" Datatype="ST" Length="80" ItemNo="01816">
				<Reference>2.15.5.6</Reference>
			</Field>
			<Field Name="Diagnostic Information" Usage="O" Min="0" Max="1" Datatype="TX" Length="2048" ItemNo="01817">
				<Reference>2.15.5.7</Reference>
			</Field>
			<Field Name="User Message" Usage="O" Min="0" Max="1" Datatype="TX" Length="250" ItemNo="01818">
				<Reference>2.15.5.8</Reference>
			</Field>
			<Field Name="Inform Person Indicator" Usage="O" Min="0" Max="*" Datatype="IS" Length="20" Table="0517" ItemNo="01819">
				<Reference>2.15.5.9</Reference>
			</Field>
			<Field Name="Override Type" Usage="O" Min="0" Max="1" Datatype="CWE" Length="705" Table="0518" ItemNo="01820">
				<Reference>2.15.5.10</Reference>
				<Component Name="identifier" Usage="O" Datatype="ST" Length="20"/>
				<Component Name="text" Usage="O" Datatype="ST" Length="199"/>
				<Component Name="name of coding system" Usage="O" Datatype="ID" Length="20" Table="0396"/>
				<Component Name="alternate identifier" Usage="O" Datatype="ST" Length="20"/>
				<Component Name="alternate text" Usage="O" Datatype="ST" Length="199"/>
				<Component Name="name of alternate coding system" Usage="O" Datatype="ID" Length="20" Table="0396"/>
				<Component Name="coding system version ID" Usage="O" Datatype="ST" Length="10"/>
				<Component Name="alternate coding system version ID" Usage="O" Datatype="ST" Length="10"/>
				<Component Name="original text" Usage="O" Datatype="ST" Length="199"/>
			</Field>
			<Field Name="Override Reason Code" Usage="O" Min="0" Max="*" Datatype="CWE" Length="705" Table="0519" ItemNo="01821">
				<Reference>2.15.5.11</Reference>
				<Component Name="identifier" Usage="O" Datatype="ST" Length="20"/>
				<Component Name="text" Usage="O" Datatype="ST" Length="199"/>
				<Component Name="name of coding system" Usage="O" Datatype="ID" Length="20" Table="0396"/>
				<Component Name="alternate identifier" Usage="O" Datatype="ST" Length="20"/>
				<Component Name="alternate text" Usage="O" Datatype="ST" Length="199"/>
				<Component Name="name of alternate coding system" Usage="O" Datatype="ID" Length="20" Table="0396"/>
				<Component Name="coding system version ID" Usage="O" Datatype="ST" Length="10"/>
				<Component Name="alternate coding system version ID" Usage="O" Datatype="ST" Length="10"/>
				<Component Name="original text" Usage="O" Datatype="ST" Length="199"/>
			</Field>
			<Field Name="Help Desk Contact Point" Usage="O" Min="0" Max="*" Datatype="XTN" Length="652" ItemNo="01822">
				<Reference>2.15.5.12</Reference>
				<Component Name="telephone number" Usage="O" Datatype="ST" Length="199">
					<ImpNote>Format: [NNN] [(999)]999-9999 [X99999] [B99999] [C any text]</ImpNote>
				</Component>
				<Component Name="telecommunication use code" Usage="O" Datatype="ID" Length="3" Table="0201"/>
				<Component Name="telecommunication equipment type" Usage="O" Datatype="ID" Length="8" Table="0202"/>
				<Component Name="email address" Usage="O" Datatype="ST" Length="199"/>
				<Component Name="country code" Usage="O" Datatype="NM" Length="3"/>
				<Component Name="area/city code" Usage="O" Datatype="NM" Length="5"/>
				<Component Name="local number" Usage="O" Datatype="NM" Length="9"/>
				<Component Name="extension" Usage="O" Datatype="NM" Length="5"/>
				<Component Name="any text" Usage="O" Datatype="ST" Length="199"/>
				<Component Name="extension prefix" Usage="O" Datatype="ST" Length="4"/>
				<Component Name="speed dial code" Usage="O" Datatype="ST" Length="6"/>
				<Component Name="unformatted telephone number" Usage="C" Datatype="ST" Length="199"/>
			</Field>
		</Segment>
		<Segment Name="QAK" LongName="Query Acknowledgment" Usage="R" Min="1" Max="1">
			<Field Name="Query Tag" Usage="R" Min="1" Max="1" Datatype="ST" Length="32" ItemNo="00696">
				<Reference>5.5.2.1</Reference>
			</Field>
			<Field Name="Query Response Status" Usage="R" Min="1" Max="1" Datatype="ID" Length="2" Table="0208" ItemNo="00708">
				<Reference>5.5.2.2</Reference>
			</Field>
			<Field Name="Message Query Name" Usage="O" Min="0" Max="1" Datatype="CE" Length="478" Table="0471" ItemNo="01375">
				<Reference>5.5.2.3</Reference>
				<Component Name="identifier" Usage="O" Datatype="ST" Length="20"/>
				<Component Name="text" Usage="O" Datatype="ST" Length="199"/>
				<Component Name="name of coding system" Usage="O" Datatype="ID" Length="20" Table="0396"/>
				<Component Name="alternate identifier" Usage="O" Datatype="ST" Length="20"/>
				<Component Name="alternate text" Usage="O" Datatype="ST" Length="199"/>
				<Component Name="name of alternate coding system" Usage="O" Datatype="ID" Length="20" Table="0396"/>
			</Field>
			<Field Name="Hit Count" Usage="O" Min="0" Max="1" Datatype="NM" Length="10" ItemNo="01434">
				<Reference>5.5.2.4</Reference>
			</Field>
			<Field Name="This payload" Usage="O" Min="0" Max="1" Datatype="NM" Length="10" ItemNo="01622">
				<Reference>5.5.2.5</Reference>
			</Field>
			<Field Name="Hits remaining" Usage="O" Min="0" Max="1" Datatype="NM" Length="10" ItemNo="01623">
				<Reference>5.5.2.6</Reference>
			</Field>
		</Segment>
		<Segment Name="QPD" LongName="Query Parameter Definition" Usage="R" Min="1" Max="1">
			<!--06/30/2009 : modified by Caroline Rosin (NIST) <Field Name="Message Query Name" Usage="R" Min="1" Max="1" Datatype="CE" Length="478" Table="0471" ItemNo="01375">-->
			<Field Name="Message Query Name" Usage="R" Min="1" Max="1" Datatype="CE" Length="250" Table="0471" ItemNo="01375">
				<Reference>5.5.2.3</Reference>
				<Component Name="identifier" Usage="O" Datatype="ST" Length="20"/>
				<Component Name="text" Usage="O" Datatype="ST" Length="199"/>
				<Component Name="name of coding system" Usage="O" Datatype="ID" Length="20" Table="0396"/>
				<Component Name="alternate identifier" Usage="O" Datatype="ST" Length="20"/>
				<Component Name="alternate text" Usage="O" Datatype="ST" Length="199"/>
				<Component Name="name of alternate coding system" Usage="O" Datatype="ID" Length="20" Table="0396"/>
			</Field>
			<Field Name="Query Tag" Usage="R" Min="1" Max="1" Datatype="ST" Length="32" ItemNo="00696">
				<Reference>5.5.2.1</Reference>
			</Field>
			<!--06/30/2009 : modified by Caroline Rosin (NIST) <Field Name="Person Identifier" Usage="R" Min="1" Max="1" Datatype="CX" Length="1905">-->
			<Field Name="Person Identifier" Usage="R" Min="1" Max="1" Datatype="CX" Length="250">
				<Component Name="ID number" Usage="R" Datatype="ST" Length="15"/>
				<Component Name="check digit" Usage="O" Datatype="ST" Length="1"/>
				<Component Name="check digit scheme" Usage="O" Datatype="ID" Length="3" Table="0061"/>
				<Component Name="assigning authority" Usage="R" Datatype="HD" Length="227" Table="0363">
					<SubComponent Table="0300" Name="namespace ID" Usage="O" Datatype="IS" Length="20"/>
					<SubComponent Name="universal ID" Usage="C" Datatype="ST" Length="199"/>
					<SubComponent Name="universal ID type" Usage="C" Datatype="ID" Length="6" Table="0301"/>
				</Component>
				<Component Name="identifier type code" Usage="O" Datatype="ID" Length="5" Table="0203"/>
				<Component Name="assigning facility" Usage="O" Datatype="HD" Length="227">
					<SubComponent Name="namespace ID" Usage="O" Datatype="IS" Length="20" Table="0300"/>
					<SubComponent Name="universal ID" Usage="C" Datatype="ST" Length="199"/>
					<SubComponent Name="universal ID type" Usage="C" Datatype="ID" Length="6" Table="0301"/>
				</Component>
				<Component Name="effective date" Usage="O" Datatype="DT" Length="8"/>
				<Component Name="expiration date" Usage="O" Datatype="DT" Length="8"/>
				<Component Name="assigning jurisdiction" Usage="O" Datatype="CWE" Length="706">
					<SubComponent Name="identifier" Usage="O" Datatype="ST" Length="20"/>
					<SubComponent Name="text" Usage="O" Datatype="ST" Length="199"/>
					<SubComponent Name="name of coding system" Usage="O" Datatype="ID" Length="20" Table="0396"/>
					<SubComponent Name="alternate identifier" Usage="O" Datatype="ST" Length="20"/>
					<SubComponent Name="alternate text" Usage="O" Datatype="ST" Length="199"/>
					<SubComponent Name="name of alternate coding system" Usage="O" Datatype="ID" Length="20" Table="0396"/>
					<SubComponent Name="coding system version ID" Usage="O" Datatype="ST" Length="10"/>
					<SubComponent Name="alternate coding system version ID" Usage="O" Datatype="ST" Length="10"/>
					<SubComponent Name="original text" Usage="O" Datatype="ST" Length="199"/>
				</Component>
				<Component Name="assigning agency or department" Usage="O" Datatype="CWE" Length="705">
					<SubComponent Name="identifier" Usage="O" Datatype="ST" Length="20"/>
					<SubComponent Name="text" Usage="O" Datatype="ST" Length="199"/>
					<SubComponent Name="name of coding system" Usage="O" Datatype="ID" Length="20" Table="0396"/>
					<SubComponent Name="alternate identifier" Usage="O" Datatype="ST" Length="20"/>
					<SubComponent Name="alternate text" Usage="O" Datatype="ST" Length="199"/>
					<SubComponent Name="name of alternate coding system" Usage="O" Datatype="ID" Length="20" Table="0396"/>
					<SubComponent Name="coding system version ID" Usage="O" Datatype="ST" Length="10"/>
					<SubComponent Name="alternate coding system version ID" Usage="O" Datatype="ST" Length="10"/>
					<SubComponent Name="original text" Usage="O" Datatype="ST" Length="199"/>
				</Component>
			</Field>
			<!--06/30/2009 : modified by Caroline Rosin (NIST) <Field Name="What Domains Returned" Usage="O" Min="0" Max="1" Datatype="CX" Length="1905">-->
			<Field Name="What Domains Returned" Usage="O" Min="0" Max="*" Datatype="CX" Length="250">
				<Component Name="ID number" Usage="X" Datatype="ST" Length="15"/>
				<Component Name="check digit" Usage="O" Datatype="ST" Length="1"/>
				<Component Name="check digit scheme" Usage="O" Datatype="ID" Length="3" Table="0061"/>
				<Component Name="assigning authority" Usage="R" Datatype="HD" Length="227" Table="0363">
					<SubComponent Table="0300" Name="namespace ID" Usage="O" Datatype="IS" Length="20"/>
					<SubComponent Name="universal ID" Usage="C" Datatype="ST" Length="199"/>
					<SubComponent Name="universal ID type" Usage="C" Datatype="ID" Length="6" Table="0301"/>
				</Component>
				<Component Name="identifier type code" Usage="O" Datatype="ID" Length="5" Table="0203"/>
				<Component Name="assigning facility" Usage="O" Datatype="HD" Length="227">
					<SubComponent Name="namespace ID" Usage="O" Datatype="IS" Length="20" Table="0300"/>
					<SubComponent Name="universal ID" Usage="C" Datatype="ST" Length="199"/>
					<SubComponent Name="universal ID type" Usage="C" Datatype="ID" Length="6" Table="0301"/>
				</Component>
				<Component Name="effective date" Usage="O" Datatype="DT" Length="8"/>
				<Component Name="expiration date" Usage="O" Datatype="DT" Length="8"/>
				<Component Name="assigning jurisdiction" Usage="O" Datatype="CWE" Length="706">
					<SubComponent Name="identifier" Usage="O" Datatype="ST" Length="20"/>
					<SubComponent Name="text" Usage="O" Datatype="ST" Length="199"/>
					<SubComponent Name="name of coding system" Usage="O" Datatype="ID" Length="20" Table="0396"/>
					<SubComponent Name="alternate identifier" Usage="O" Datatype="ST" Length="20"/>
					<SubComponent Name="alternate text" Usage="O" Datatype="ST" Length="199"/>
					<SubComponent Name="name of alternate coding system" Usage="O" Datatype="ID" Length="20" Table="0396"/>
					<SubComponent Name="coding system version ID" Usage="O" Datatype="ST" Length="10"/>
					<SubComponent Name="alternate coding system version ID" Usage="O" Datatype="ST" Length="10"/>
					<SubComponent Name="original text" Usage="O" Datatype="ST" Length="199"/>
				</Component>
				<Component Name="assigning agency or department" Usage="O" Datatype="CWE" Length="705">
					<SubComponent Name="identifier" Usage="O" Datatype="ST" Length="20"/>
					<SubComponent Name="text" Usage="O" Datatype="ST" Length="199"/>
					<SubComponent Name="name of coding system" Usage="O" Datatype="ID" Length="20" Table="0396"/>
					<SubComponent Name="alternate identifier" Usage="O" Datatype="ST" Length="20"/>
					<SubComponent Name="alternate text" Usage="O" Datatype="ST" Length="199"/>
					<SubComponent Name="name of alternate coding system" Usage="O" Datatype="ID" Length="20" Table="0396"/>
					<SubComponent Name="coding system version ID" Usage="O" Datatype="ST" Length="10"/>
					<SubComponent Name="alternate coding system version ID" Usage="O" Datatype="ST" Length="10"/>
					<SubComponent Name="original text" Usage="O" Datatype="ST" Length="199"/>
				</Component>
			</Field>
		</Segment>
		<SegGroup Name="QUERY_RESPONSE" LongName="QUERY_RESPONSE" Usage="O" Min="0" Max="1">
			<Segment Name="PID" LongName="Patient Identification" Usage="R" Min="1" Max="1">
				<!--11/29/10 : modified by Caroline Rosin (NIST) <Field Name="Set ID - PID" Usage="O" Min="0" Max="1" Datatype="SI" Length="4" ItemNo="00104"><Reference>3.4.2.1</Reference></Field>-->
				<Field Name="Set ID - PID" Usage="X" Min="0" Max="1" Datatype="SI" Length="4" ItemNo="00104">
					<Reference>3.4.2.1</Reference>
				</Field>
				<Field Name="Patient ID" Usage="X" Min="0" Max="*" Datatype="CX" Length="1905" ItemNo="00105">
					<Reference>3.4.2.2</Reference>
					<Component Name="ID number" Usage="R" Datatype="ST" Length="15"/>
					<Component Name="check digit" Usage="O" Datatype="ST" Length="1"/>
					<Component Name="check digit scheme" Usage="O" Datatype="ID" Length="3" Table="0061"/>
					<Component Name="assigning authority" Usage="R" Datatype="HD" Length="227" Table="0363">
						<SubComponent Table="0300" Name="namespace ID" Usage="O" Datatype="IS" Length="20"/>
						<SubComponent Name="universal ID" Usage="C" Datatype="ST" Length="199"/>
						<SubComponent Name="universal ID type" Usage="C" Datatype="ID" Length="6" Table="0301"/>
					</Component>
					<Component Name="identifier type code" Usage="O" Datatype="ID" Length="5" Table="0203"/>
					<Component Name="assigning facility" Usage="O" Datatype="HD" Length="227">
						<SubComponent Name="namespace ID" Usage="O" Datatype="IS" Length="20" Table="0300"/>
						<SubComponent Name="universal ID" Usage="C" Datatype="ST" Length="199"/>
						<SubComponent Name="universal ID type" Usage="C" Datatype="ID" Length="6" Table="0301"/>
					</Component>
					<Component Name="effective date" Usage="O" Datatype="DT" Length="8"/>
					<Component Name="expiration date" Usage="O" Datatype="DT" Length="8"/>
					<Component Name="assigning jurisdiction" Usage="O" Datatype="CWE" Length="706">
						<SubComponent Name="identifier" Usage="O" Datatype="ST" Length="20"/>
						<SubComponent Name="text" Usage="O" Datatype="ST" Length="199"/>
						<SubComponent Name="name of coding system" Usage="O" Datatype="ID" Length="20" Table="0396"/>
						<SubComponent Name="alternate identifier" Usage="O" Datatype="ST" Length="20"/>
						<SubComponent Name="alternate text" Usage="O" Datatype="ST" Length="199"/>
						<SubComponent Name="name of alternate coding system" Usage="O" Datatype="ID" Length="20" Table="0396"/>
						<SubComponent Name="coding system version ID" Usage="O" Datatype="ST" Length="10"/>
						<SubComponent Name="alternate coding system version ID" Usage="O" Datatype="ST" Length="10"/>
						<SubComponent Name="original text" Usage="O" Datatype="ST" Length="199"/>
					</Component>
					<Component Name="assigning agency or department" Usage="O" Datatype="CWE" Length="705">
						<SubComponent Name="identifier" Usage="O" Datatype="ST" Length="20"/>
						<SubComponent Name="text" Usage="O" Datatype="ST" Length="199"/>
						<SubComponent Name="name of coding system" Usage="O" Datatype="ID" Length="20" Table="0396"/>
						<SubComponent Name="alternate identifier" Usage="O" Datatype="ST" Length="20"/>
						<SubComponent Name="alternate text" Usage="O" Datatype="ST" Length="199"/>
						<SubComponent Name="name of alternate coding system" Usage="O" Datatype="ID" Length="20" Table="0396"/>
						<SubComponent Name="coding system version ID" Usage="O" Datatype="ST" Length="10"/>
						<SubComponent Name="alternate coding system version ID" Usage="O" Datatype="ST" Length="10"/>
						<SubComponent Name="original text" Usage="O" Datatype="ST" Length="199"/>
					</Component>
				</Field>
				<Field Name="Patient Identifier List" Usage="R" Min="1" Max="*" Datatype="CX" Length="1905" ItemNo="00106">
					<Reference>3.4.2.3</Reference>
					<Component Name="ID number" Usage="R" Datatype="ST" Length="15"/>
					<Component Name="check digit" Usage="O" Datatype="ST" Length="1"/>
					<Component Name="check digit scheme" Usage="O" Datatype="ID" Length="3" Table="0061"/>
					<Component Name="assigning authority" Usage="R" Datatype="HD" Length="227" Table="0363">
						<SubComponent Table="0300" Name="namespace ID" Usage="R" Datatype="IS" Length="20"/>
						<SubComponent Name="universal ID" Usage="R" Datatype="ST" Length="199"/>
						<SubComponent Name="universal ID type" Usage="R" Datatype="ID" Length="6" Table="0301"/>
					</Component>
					<Component Name="identifier type code" Usage="O" Datatype="ID" Length="5" Table="0203"/>
					<Component Name="assigning facility" Usage="O" Datatype="HD" Length="227">
						<SubComponent Name="namespace ID" Usage="O" Datatype="IS" Length="20" Table="0300"/>
						<SubComponent Name="universal ID" Usage="C" Datatype="ST" Length="199"/>
						<SubComponent Name="universal ID type" Usage="C" Datatype="ID" Length="6" Table="0301"/>
					</Component>
					<Component Name="effective date" Usage="O" Datatype="DT" Length="8"/>
					<Component Name="expiration date" Usage="O" Datatype="DT" Length="8"/>
					<Component Name="assigning jurisdiction" Usage="O" Datatype="CWE" Length="706">
						<SubComponent Name="identifier" Usage="O" Datatype="ST" Length="20"/>
						<SubComponent Name="text" Usage="O" Datatype="ST" Length="199"/>
						<SubComponent Name="name of coding system" Usage="O" Datatype="ID" Length="20" Table="0396"/>
						<SubComponent Name="alternate identifier" Usage="O" Datatype="ST" Length="20"/>
						<SubComponent Name="alternate text" Usage="O" Datatype="ST" Length="199"/>
						<SubComponent Name="name of alternate coding system" Usage="O" Datatype="ID" Length="20" Table="0396"/>
						<SubComponent Name="coding system version ID" Usage="O" Datatype="ST" Length="10"/>
						<SubComponent Name="alternate coding system version ID" Usage="O" Datatype="ST" Length="10"/>
						<SubComponent Name="original text" Usage="O" Datatype="ST" Length="199"/>
					</Component>
					<Component Name="assigning agency or department" Usage="O" Datatype="CWE" Length="705">
						<SubComponent Name="identifier" Usage="O" Datatype="ST" Length="20"/>
						<SubComponent Name="text" Usage="O" Datatype="ST" Length="199"/>
						<SubComponent Name="name of coding system" Usage="O" Datatype="ID" Length="20" Table="0396"/>
						<SubComponent Name="alternate identifier" Usage="O" Datatype="ST" Length="20"/>
						<SubComponent Name="alternate text" Usage="O" Datatype="ST" Length="199"/>
						<SubComponent Name="name of alternate coding system" Usage="O" Datatype="ID" Length="20" Table="0396"/>
						<SubComponent Name="coding system version ID" Usage="O" Datatype="ST" Length="10"/>
						<SubComponent Name="alternate coding system version ID" Usage="O" Datatype="ST" Length="10"/>
						<SubComponent Name="original text" Usage="O" Datatype="ST" Length="199"/>
					</Component>
				</Field>
				<Field Name="Alternate Patient ID - PID" Usage="X" Min="0" Max="*" Datatype="CX" Length="1905" ItemNo="00107">
					<Reference>3.4.2.4</Reference>
					<Component Name="ID number" Usage="R" Datatype="ST" Length="15"/>
					<Component Name="check digit" Usage="O" Datatype="ST" Length="1"/>
					<Component Name="check digit scheme" Usage="O" Datatype="ID" Length="3" Table="0061"/>
					<Component Name="assigning authority" Usage="R" Datatype="HD" Length="227" Table="0363">
						<SubComponent Table="0300" Name="namespace ID" Usage="O" Datatype="IS" Length="20"/>
						<SubComponent Name="universal ID" Usage="C" Datatype="ST" Length="199"/>
						<SubComponent Name="universal ID type" Usage="C" Datatype="ID" Length="6" Table="0301"/>
					</Component>
					<Component Name="identifier type code" Usage="O" Datatype="ID" Length="5" Table="0203"/>
					<Component Name="assigning facility" Usage="O" Datatype="HD" Length="227">
						<SubComponent Name="namespace ID" Usage="O" Datatype="IS" Length="20" Table="0300"/>
						<SubComponent Name="universal ID" Usage="C" Datatype="ST" Length="199"/>
						<SubComponent Name="universal ID type" Usage="C" Datatype="ID" Length="6" Table="0301"/>
					</Component>
					<Component Name="effective date" Usage="O" Datatype="DT" Length="8"/>
					<Component Name="expiration date" Usage="O" Datatype="DT" Length="8"/>
					<Component Name="assigning jurisdiction" Usage="O" Datatype="CWE" Length="706">
						<SubComponent Name="identifier" Usage="O" Datatype="ST" Length="20"/>
						<SubComponent Name="text" Usage="O" Datatype="ST" Length="199"/>
						<SubComponent Name="name of coding system" Usage="O" Datatype="ID" Length="20" Table="0396"/>
						<SubComponent Name="alternate identifier" Usage="O" Datatype="ST" Length="20"/>
						<SubComponent Name="alternate text" Usage="O" Datatype="ST" Length="199"/>
						<SubComponent Name="name of alternate coding system" Usage="O" Datatype="ID" Length="20" Table="0396"/>
						<SubComponent Name="coding system version ID" Usage="O" Datatype="ST" Length="10"/>
						<SubComponent Name="alternate coding system version ID" Usage="O" Datatype="ST" Length="10"/>
						<SubComponent Name="original text" Usage="O" Datatype="ST" Length="199"/>
					</Component>
					<Component Name="assigning agency or department" Usage="O" Datatype="CWE" Length="705">
						<SubComponent Name="identifier" Usage="O" Datatype="ST" Length="20"/>
						<SubComponent Name="text" Usage="O" Datatype="ST" Length="199"/>
						<SubComponent Name="name of coding system" Usage="O" Datatype="ID" Length="20" Table="0396"/>
						<SubComponent Name="alternate identifier" Usage="O" Datatype="ST" Length="20"/>
						<SubComponent Name="alternate text" Usage="O" Datatype="ST" Length="199"/>
						<SubComponent Name="name of alternate coding system" Usage="O" Datatype="ID" Length="20" Table="0396"/>
						<SubComponent Name="coding system version ID" Usage="O" Datatype="ST" Length="10"/>
						<SubComponent Name="alternate coding system version ID" Usage="O" Datatype="ST" Length="10"/>
						<SubComponent Name="original text" Usage="O" Datatype="ST" Length="199"/>
					</Component>
				</Field>
				<Field Name="Patient Name" Usage="R" Min="1" Max="*" Datatype="XPN" Length="294" ItemNo="00108">
					<Reference>3.4.2.5</Reference>
					<Component Name="family name" Usage="RE" Datatype="FN" Length="194">
						<SubComponent Name="surname" Usage="R" Datatype="ST" Length="50"/>
						<SubComponent Name="own surname prefix" Usage="O" Datatype="ST" Length="20"/>
						<SubComponent Name="own surname" Usage="O" Datatype="ST" Length="50"/>
						<SubComponent Name="surname prefix from partner/spouse" Usage="O" Datatype="ST" Length="20"/>
						<SubComponent Name="surname from partner/spouse" Usage="O" Datatype="ST" Length="50"/>
					</Component>
					<Component Name="given name" Usage="O" Datatype="ST" Length="30"/>
					<Component Name="second and further given names or initials thereof" Usage="O" Datatype="ST" Length="30"/>
					<Component Name="suffix (e.g., JR or III)" Usage="O" Datatype="ST" Length="20"/>
					<Component Name="prefix (e.g., DR)" Usage="O" Datatype="ST" Length="20"/>
					<Component Name="degree (e.g., MD)" Usage="X" Datatype="IS" Length="6" Table="0360"/>
					<Component Name="name type code" Usage="O" Datatype="ID" Length="1" Table="0200"/>
					<Component Name="name representation code" Usage="O" Datatype="ID" Length="1" Table="0465"/>
					<Component Name="name context" Usage="O" Datatype="CE" Length="483" Table="0448">
						<SubComponent Name="identifier" Usage="O" Datatype="ST" Length="20"/>
						<SubComponent Name="text" Usage="O" Datatype="ST" Length="199"/>
						<SubComponent Name="name of coding system" Usage="O" Datatype="ID" Length="20" Table="0396"/>
						<SubComponent Name="alternate identifier" Usage="O" Datatype="ST" Length="20"/>
						<SubComponent Name="alternate text" Usage="O" Datatype="ST" Length="199"/>
						<SubComponent Name="name of alternate coding system" Usage="O" Datatype="ID" Length="20" Table="0396"/>
					</Component>
					<Component Name="name validity range" Usage="X" Datatype="DR" Length="53">
						<SubComponent Name="range start date/time" Usage="O" Datatype="TS" Length="26"/>
						<SubComponent Name="range end date/time" Usage="O" Datatype="TS" Length="26"/>
					</Component>
					<Component Name="name assembly order" Usage="O" Datatype="ID" Length="1" Table="0444"/>
					<Component Name="effective date" Usage="O" Datatype="TS" Length="26">
						<SubComponent Name="time" Usage="R" Datatype="DTM" Length="24">
							<DataValues ExValue="20040328134623.1234+0300"/>
						</SubComponent>
						<SubComponent Name="degree of precision" Usage="X" Datatype="ST" Length="1" Table="0529">
							<ImpNote>Retained for backward compatibility only</ImpNote>
							<DataValues ExValue="D"/>
						</SubComponent>
					</Component>
					<Component Name="expiration date" Usage="O" Datatype="TS" Length="26">
						<SubComponent Name="time" Usage="R" Datatype="DTM" Length="24">
							<DataValues ExValue="20040328134623.1234+0300"/>
						</SubComponent>
						<SubComponent Name="degree of precision" Usage="X" Datatype="ST" Length="1" Table="0529">
							<ImpNote>Retained for backward compatibility only</ImpNote>
							<DataValues ExValue="D"/>
						</SubComponent>
					</Component>
					<Component Name="professional suffix" Usage="O" Datatype="ST" Length="199"/>
				</Field>
				<!--11/29/10 : modified by Caroline Rosin (NIST) <Field Name="Mother_s Maiden Name" Usage="O" Min="0" Max="*" Datatype="XPN" Length="294" ItemNo="00109">-->
				<Field Name="Mother_s Maiden Name" Usage="X" Min="0" Max="*" Datatype="XPN" Length="294" ItemNo="00109">
					<Reference>3.4.2.6</Reference>
					<Component Name="family name" Usage="RE" Datatype="FN" Length="194">
						<SubComponent Name="surname" Usage="R" Datatype="ST" Length="50"/>
						<SubComponent Name="own surname prefix" Usage="O" Datatype="ST" Length="20"/>
						<SubComponent Name="own surname" Usage="O" Datatype="ST" Length="50"/>
						<SubComponent Name="surname prefix from partner/spouse" Usage="O" Datatype="ST" Length="20"/>
						<SubComponent Name="surname from partner/spouse" Usage="O" Datatype="ST" Length="50"/>
					</Component>
					<Component Name="given name" Usage="O" Datatype="ST" Length="30"/>
					<Component Name="second and further given names or initials thereof" Usage="O" Datatype="ST" Length="30"/>
					<Component Name="suffix (e.g., JR or III)" Usage="O" Datatype="ST" Length="20"/>
					<Component Name="prefix (e.g., DR)" Usage="O" Datatype="ST" Length="20"/>
					<Component Name="degree (e.g., MD)" Usage="X" Datatype="IS" Length="6" Table="0360"/>
					<Component Name="name type code" Usage="O" Datatype="ID" Length="1" Table="0200"/>
					<Component Name="name representation code" Usage="O" Datatype="ID" Length="1" Table="0465"/>
					<Component Name="name context" Usage="O" Datatype="CE" Length="483" Table="0448">
						<SubComponent Name="identifier" Usage="O" Datatype="ST" Length="20"/>
						<SubComponent Name="text" Usage="O" Datatype="ST" Length="199"/>
						<SubComponent Name="name of coding system" Usage="O" Datatype="ID" Length="20" Table="0396"/>
						<SubComponent Name="alternate identifier" Usage="O" Datatype="ST" Length="20"/>
						<SubComponent Name="alternate text" Usage="O" Datatype="ST" Length="199"/>
						<SubComponent Name="name of alternate coding system" Usage="O" Datatype="ID" Length="20" Table="0396"/>
					</Component>
					<Component Name="name validity range" Usage="X" Datatype="DR" Length="53">
						<SubComponent Name="range start date/time" Usage="O" Datatype="TS" Length="26"/>
						<SubComponent Name="range end date/time" Usage="O" Datatype="TS" Length="26"/>
					</Component>
					<Component Name="name assembly order" Usage="O" Datatype="ID" Length="1" Table="0444"/>
					<Component Name="effective date" Usage="O" Datatype="TS" Length="26">
						<SubComponent Name="time" Usage="R" Datatype="DTM" Length="24">
							<DataValues ExValue="20040328134623.1234+0300"/>
						</SubComponent>
						<SubComponent Name="degree of precision" Usage="X" Datatype="ST" Length="1" Table="0529">
							<ImpNote>Retained for backward compatibility only</ImpNote>
							<DataValues ExValue="D"/>
						</SubComponent>
					</Component>
					<Component Name="expiration date" Usage="O" Datatype="TS" Length="26">
						<SubComponent Name="time" Usage="R" Datatype="DTM" Length="24">
							<DataValues ExValue="20040328134623.1234+0300"/>
						</SubComponent>
						<SubComponent Name="degree of precision" Usage="X" Datatype="ST" Length="1" Table="0529">
							<ImpNote>Retained for backward compatibility only</ImpNote>
							<DataValues ExValue="D"/>
						</SubComponent>
					</Component>
					<Component Name="professional suffix" Usage="O" Datatype="ST" Length="199"/>
				</Field>
				<!--11/29/10 : modified by Caroline Rosin (NIST)<Field Name="Date/Time of Birth" Usage="O" Min="0" Max="1" Datatype="TS" Length="26" ItemNo="00110"> -->
				<Field Name="Date/Time of Birth" Usage="X" Min="0" Max="1" Datatype="TS" Length="26" ItemNo="00110">
					<Reference>3.4.2.7</Reference>
					<Component Name="time" Usage="R" Datatype="DTM" Length="24">
						<DataValues ExValue="20040328134623.1234+0300"/>
					</Component>
					<Component Name="degree of precision" Usage="X" Datatype="ST" Length="1" Table="0529">
						<ImpNote>Retained for backward compatibility only</ImpNote>
						<DataValues ExValue="D"/>
					</Component>
				</Field>
				<!--11/29/10 : modified by Caroline Rosin (NIST) <Field Name="Administrative Sex" Usage="O" Min="0" Max="1" Datatype="IS" Length="1" Table="0001" ItemNo="00111"><Reference>3.4.2.8</Reference></Field>-->
				<Field Name="Administrative Sex" Usage="X" Min="0" Max="1" Datatype="IS" Length="1" Table="0001" ItemNo="00111">
					<Reference>3.4.2.8</Reference>
				</Field>
				<!--11/29/10 : modified by Caroline Rosin (NIST)<Field Name="Patient Alias" Usage="O" Min="0" Max="*" Datatype="XPN" Length="294" ItemNo="00112">-->
				<Field Name="Patient Alias" Usage="X" Min="0" Max="*" Datatype="XPN" Length="294" ItemNo="00112">
					<Reference>3.4.2.9</Reference>
					<Component Name="family name" Usage="O" Datatype="FN" Length="194">
						<SubComponent Name="surname" Usage="R" Datatype="ST" Length="50"/>
						<SubComponent Name="own surname prefix" Usage="O" Datatype="ST" Length="20"/>
						<SubComponent Name="own surname" Usage="O" Datatype="ST" Length="50"/>
						<SubComponent Name="surname prefix from partner/spouse" Usage="O" Datatype="ST" Length="20"/>
						<SubComponent Name="surname from partner/spouse" Usage="O" Datatype="ST" Length="50"/>
					</Component>
					<Component Name="given name" Usage="O" Datatype="ST" Length="30"/>
					<Component Name="second and further given names or initials thereof" Usage="O" Datatype="ST" Length="30"/>
					<Component Name="suffix (e.g., JR or III)" Usage="O" Datatype="ST" Length="20"/>
					<Component Name="prefix (e.g., DR)" Usage="O" Datatype="ST" Length="20"/>
					<Component Name="degree (e.g., MD)" Usage="X" Datatype="IS" Length="6" Table="0360"/>
					<Component Name="name type code" Usage="O" Datatype="ID" Length="1" Table="0200"/>
					<Component Name="name representation code" Usage="O" Datatype="ID" Length="1" Table="0465"/>
					<Component Name="name context" Usage="O" Datatype="CE" Length="483" Table="0448">
						<SubComponent Name="identifier" Usage="O" Datatype="ST" Length="20"/>
						<SubComponent Name="text" Usage="O" Datatype="ST" Length="199"/>
						<SubComponent Name="name of coding system" Usage="O" Datatype="ID" Length="20" Table="0396"/>
						<SubComponent Name="alternate identifier" Usage="O" Datatype="ST" Length="20"/>
						<SubComponent Name="alternate text" Usage="O" Datatype="ST" Length="199"/>
						<SubComponent Name="name of alternate coding system" Usage="O" Datatype="ID" Length="20" Table="0396"/>
					</Component>
					<Component Name="name validity range" Usage="X" Datatype="DR" Length="53">
						<SubComponent Name="range start date/time" Usage="O" Datatype="TS" Length="26"/>
						<SubComponent Name="range end date/time" Usage="O" Datatype="TS" Length="26"/>
					</Component>
					<Component Name="name assembly order" Usage="O" Datatype="ID" Length="1" Table="0444"/>
					<Component Name="effective date" Usage="O" Datatype="TS" Length="26">
						<SubComponent Name="time" Usage="R" Datatype="DTM" Length="24">
							<DataValues ExValue="20040328134623.1234+0300"/>
						</SubComponent>
						<SubComponent Name="degree of precision" Usage="X" Datatype="ST" Length="1" Table="0529">
							<ImpNote>Retained for backward compatibility only</ImpNote>
							<DataValues ExValue="D"/>
						</SubComponent>
					</Component>
					<Component Name="expiration date" Usage="O" Datatype="TS" Length="26">
						<SubComponent Name="time" Usage="R" Datatype="DTM" Length="24">
							<DataValues ExValue="20040328134623.1234+0300"/>
						</SubComponent>
						<SubComponent Name="degree of precision" Usage="X" Datatype="ST" Length="1" Table="0529">
							<ImpNote>Retained for backward compatibility only</ImpNote>
							<DataValues ExValue="D"/>
						</SubComponent>
					</Component>
					<Component Name="professional suffix" Usage="O" Datatype="ST" Length="199"/>
				</Field>
				<!--11/29/10 : modified by Caroline Rosin (NIST) <Field Name="Race" Usage="O" Min="0" Max="1" Datatype="CE" Length="478" Table="0005" ItemNo="00113">-->
				<Field Name="Race" Usage="X" Min="0" Max="1" Datatype="CE" Length="478" Table="0005" ItemNo="00113">
					<Reference>3.4.2.10</Reference>
					<Component Name="identifier" Usage="O" Datatype="ST" Length="20"/>
					<Component Name="text" Usage="O" Datatype="ST" Length="199"/>
					<Component Name="name of coding system" Usage="O" Datatype="ID" Length="20" Table="0396"/>
					<Component Name="alternate identifier" Usage="O" Datatype="ST" Length="20"/>
					<Component Name="alternate text" Usage="O" Datatype="ST" Length="199"/>
					<Component Name="name of alternate coding system" Usage="O" Datatype="ID" Length="20" Table="0396"/>
				</Field>
				<!--11/29/10 : modified by Caroline Rosin (NIST) <Field Name="Patient Address" Usage="O" Min="0" Max="*" Datatype="XAD" Length="513" ItemNo="00114">-->
				<Field Name="Patient Address" Usage="X" Min="0" Max="*" Datatype="XAD" Length="513" ItemNo="00114">
					<Reference>3.4.2.11</Reference>
					<Component Name="street address" Usage="O" Datatype="SAD" Length="184">
						<SubComponent Name="street or mailing address" Usage="O" Datatype="ST" Length="120"/>
						<SubComponent Name="street name" Usage="O" Datatype="ST" Length="50"/>
						<SubComponent Name="dwelling number" Usage="O" Datatype="ST" Length="12"/>
					</Component>
					<Component Name="other designation" Usage="O" Datatype="ST" Length="120"/>
					<Component Name="city" Usage="O" Datatype="ST" Length="50"/>
					<Component Name="state or province" Usage="O" Datatype="ST" Length="50"/>
					<Component Name="zip or postal code" Usage="O" Datatype="ST" Length="12"/>
					<Component Name="country" Usage="O" Datatype="ID" Length="3" Table="0399"/>
					<Component Name="address type" Usage="O" Datatype="ID" Length="3" Table="0190"/>
					<Component Name="other geographic designation" Usage="O" Datatype="ST" Length="50"/>
					<Component Name="county/parish code" Usage="O" Datatype="IS" Length="20" Table="0289"/>
					<Component Name="census tract" Usage="O" Datatype="IS" Length="20" Table="0288"/>
					<Component Name="address representation code" Usage="O" Datatype="ID" Length="1" Table="0465"/>
					<Component Name="address validity range" Usage="X" Datatype="DR" Length="53">
						<ImpNote>deprecated as of v2.5</ImpNote>
						<SubComponent Name="range start date/time" Usage="O" Datatype="TS" Length="26"/>
						<SubComponent Name="range end date/time" Usage="O" Datatype="TS" Length="26"/>
					</Component>
					<Component Name="effective date" Usage="O" Datatype="TS" Length="26">
						<SubComponent Name="time" Usage="R" Datatype="DTM" Length="24">
							<DataValues ExValue="20040328134623.1234+0300"/>
						</SubComponent>
						<SubComponent Name="degree of precision" Usage="X" Datatype="ST" Length="1" Table="0529">
							<ImpNote>Retained for backward compatibility only</ImpNote>
							<DataValues ExValue="D"/>
						</SubComponent>
					</Component>
					<Component Name="expiration date" Usage="O" Datatype="TS" Length="26">
						<SubComponent Name="time" Usage="R" Datatype="DTM" Length="24">
							<DataValues ExValue="20040328134623.1234+0300"/>
						</SubComponent>
						<SubComponent Name="degree of precision" Usage="X" Datatype="ST" Length="1" Table="0529">
							<ImpNote>Retained for backward compatibility only</ImpNote>
							<DataValues ExValue="D"/>
						</SubComponent>
					</Component>
				</Field>
				<Field Name="County Code" Usage="X" Min="0" Max="*" Datatype="IS" Length="4" Table="0289" ItemNo="00115">
					<Reference>3.4.2.12</Reference>
				</Field>
				<!--11/29/10 : modified by Caroline Rosin (NIST) <Field Name="Phone Number - Home" Usage="O" Min="0" Max="1" Datatype="XTN" Length="250" ItemNo="00116">-->
				<Field Name="Phone Number - Home" Usage="X" Min="0" Max="1" Datatype="XTN" Length="250" ItemNo="00116">
					<Reference>3.4.2.13</Reference>
					<Component Name="telephone number" Usage="O" Datatype="ST" Length="199">
						<ImpNote>Format: [NNN] [(999)]999-9999 [X99999] [B99999] [C any text]</ImpNote>
					</Component>
					<Component Name="telecommunication use code" Usage="O" Datatype="ID" Length="3" Table="0201"/>
					<Component Name="telecommunication equipment type" Usage="O" Datatype="ID" Length="8" Table="0202"/>
					<Component Name="email address" Usage="O" Datatype="ST" Length="199"/>
					<Component Name="country code" Usage="O" Datatype="NM" Length="3"/>
					<Component Name="area/city code" Usage="O" Datatype="NM" Length="5"/>
					<Component Name="local number" Usage="O" Datatype="NM" Length="9"/>
					<Component Name="extension" Usage="O" Datatype="NM" Length="5"/>
					<Component Name="any text" Usage="O" Datatype="ST" Length="199"/>
					<Component Name="extension prefix" Usage="O" Datatype="ST" Length="4"/>
					<Component Name="speed dial code" Usage="O" Datatype="ST" Length="6"/>
					<Component Name="unformatted telephone number" Usage="C" Datatype="ST" Length="199"/>
				</Field>
				<!--11/29/10 : modified by Caroline Rosin (NIST) <Field Name="Phone Number - Business" Usage="O" Min="0" Max="1" Datatype="XTN" Length="250" ItemNo="00117">-->
				<Field Name="Phone Number - Business" Usage="X" Min="0" Max="1" Datatype="XTN" Length="250" ItemNo="00117">
					<Reference>3.4.2.14</Reference>
					<Component Name="telephone number" Usage="O" Datatype="ST" Length="199">
						<ImpNote>Format: [NNN] [(999)]999-9999 [X99999] [B99999] [C any text]</ImpNote>
					</Component>
					<Component Name="telecommunication use code" Usage="O" Datatype="ID" Length="3" Table="0201"/>
					<Component Name="telecommunication equipment type" Usage="O" Datatype="ID" Length="8" Table="0202"/>
					<Component Name="email address" Usage="O" Datatype="ST" Length="199"/>
					<Component Name="country code" Usage="O" Datatype="NM" Length="3"/>
					<Component Name="area/city code" Usage="O" Datatype="NM" Length="5"/>
					<Component Name="local number" Usage="O" Datatype="NM" Length="9"/>
					<Component Name="extension" Usage="O" Datatype="NM" Length="5"/>
					<Component Name="any text" Usage="O" Datatype="ST" Length="199"/>
					<Component Name="extension prefix" Usage="O" Datatype="ST" Length="4"/>
					<Component Name="speed dial code" Usage="O" Datatype="ST" Length="6"/>
					<Component Name="unformatted telephone number" Usage="C" Datatype="ST" Length="199"/>
				</Field>
				<!--11/29/10 : modified by Caroline Rosin (NIST) <Field Name="Primary Language" Usage="O" Min="0" Max="1" Datatype="CE" Length="478" Table="0296" ItemNo="00118">-->
				<Field Name="Primary Language" Usage="X" Min="0" Max="1" Datatype="CE" Length="478" Table="0296" ItemNo="00118">
					<Reference>3.4.2.15</Reference>
					<Component Name="identifier" Usage="O" Datatype="ST" Length="20"/>
					<Component Name="text" Usage="O" Datatype="ST" Length="199"/>
					<Component Name="name of coding system" Usage="O" Datatype="ID" Length="20" Table="0396"/>
					<Component Name="alternate identifier" Usage="O" Datatype="ST" Length="20"/>
					<Component Name="alternate text" Usage="O" Datatype="ST" Length="199"/>
					<Component Name="name of alternate coding system" Usage="O" Datatype="ID" Length="20" Table="0396"/>
				</Field>
				<!--11/29/10 : modified by Caroline Rosin (NIST) <Field Name="Marital Status" Usage="O" Min="0" Max="1" Datatype="CE" Length="478" Table="0002" ItemNo="00119">-->
				<Field Name="Marital Status" Usage="X" Min="0" Max="1" Datatype="CE" Length="478" Table="0002" ItemNo="00119">
					<Reference>3.4.2.16</Reference>
					<Component Name="identifier" Usage="O" Datatype="ST" Length="20"/>
					<Component Name="text" Usage="O" Datatype="ST" Length="199"/>
					<Component Name="name of coding system" Usage="O" Datatype="ID" Length="20" Table="0396"/>
					<Component Name="alternate identifier" Usage="O" Datatype="ST" Length="20"/>
					<Component Name="alternate text" Usage="O" Datatype="ST" Length="199"/>
					<Component Name="name of alternate coding system" Usage="O" Datatype="ID" Length="20" Table="0396"/>
				</Field>
				<!--11/29/10 : modified by Caroline Rosin (NIST) <Field Name="Religion" Usage="O" Min="0" Max="1" Datatype="CE" Length="478" Table="0006" ItemNo="00120">-->
				<Field Name="Religion" Usage="X" Min="0" Max="1" Datatype="CE" Length="478" Table="0006" ItemNo="00120">
					<Reference>3.4.2.17</Reference>
					<Component Name="identifier" Usage="O" Datatype="ST" Length="20"/>
					<Component Name="text" Usage="O" Datatype="ST" Length="199"/>
					<Component Name="name of coding system" Usage="O" Datatype="ID" Length="20" Table="0396"/>
					<Component Name="alternate identifier" Usage="O" Datatype="ST" Length="20"/>
					<Component Name="alternate text" Usage="O" Datatype="ST" Length="199"/>
					<Component Name="name of alternate coding system" Usage="O" Datatype="ID" Length="20" Table="0396"/>
				</Field>
				<!--11/29/10 : modified by Caroline Rosin (NIST) <Field Name="Patient Account Number" Usage="O" Min="0" Max="1" Datatype="CX" Length="1905" ItemNo="00121">-->
				<Field Name="Patient Account Number" Usage="X" Min="0" Max="1" Datatype="CX" Length="1905" ItemNo="00121">
					<Reference>3.4.2.18</Reference>
					<Component Name="ID number" Usage="R" Datatype="ST" Length="15"/>
					<Component Name="check digit" Usage="O" Datatype="ST" Length="1"/>
					<Component Name="check digit scheme" Usage="O" Datatype="ID" Length="3" Table="0061"/>
					<Component Name="assigning authority" Usage="O" Datatype="HD" Length="227" Table="0363">
						<SubComponent Table="0300" Name="namespace ID" Usage="O" Datatype="IS" Length="20"/>
						<SubComponent Name="universal ID" Usage="C" Datatype="ST" Length="199"/>
						<SubComponent Name="universal ID type" Usage="C" Datatype="ID" Length="6" Table="0301"/>
					</Component>
					<Component Name="identifier type code" Usage="O" Datatype="ID" Length="5" Table="0203"/>
					<Component Name="assigning facility" Usage="O" Datatype="HD" Length="227">
						<SubComponent Name="namespace ID" Usage="O" Datatype="IS" Length="20" Table="0300"/>
						<SubComponent Name="universal ID" Usage="C" Datatype="ST" Length="199"/>
						<SubComponent Name="universal ID type" Usage="C" Datatype="ID" Length="6" Table="0301"/>
					</Component>
					<Component Name="effective date" Usage="O" Datatype="DT" Length="8"/>
					<Component Name="expiration date" Usage="O" Datatype="DT" Length="8"/>
					<Component Name="assigning jurisdiction" Usage="O" Datatype="CWE" Length="706">
						<SubComponent Name="identifier" Usage="O" Datatype="ST" Length="20"/>
						<SubComponent Name="text" Usage="O" Datatype="ST" Length="199"/>
						<SubComponent Name="name of coding system" Usage="O" Datatype="ID" Length="20" Table="0396"/>
						<SubComponent Name="alternate identifier" Usage="O" Datatype="ST" Length="20"/>
						<SubComponent Name="alternate text" Usage="O" Datatype="ST" Length="199"/>
						<SubComponent Name="name of alternate coding system" Usage="O" Datatype="ID" Length="20" Table="0396"/>
						<SubComponent Name="coding system version ID" Usage="O" Datatype="ST" Length="10"/>
						<SubComponent Name="alternate coding system version ID" Usage="O" Datatype="ST" Length="10"/>
						<SubComponent Name="original text" Usage="O" Datatype="ST" Length="199"/>
					</Component>
					<Component Name="assigning agency or department" Usage="O" Datatype="CWE" Length="705">
						<SubComponent Name="identifier" Usage="O" Datatype="ST" Length="20"/>
						<SubComponent Name="text" Usage="O" Datatype="ST" Length="199"/>
						<SubComponent Name="name of coding system" Usage="O" Datatype="ID" Length="20" Table="0396"/>
						<SubComponent Name="alternate identifier" Usage="O" Datatype="ST" Length="20"/>
						<SubComponent Name="alternate text" Usage="O" Datatype="ST" Length="199"/>
						<SubComponent Name="name of alternate coding system" Usage="O" Datatype="ID" Length="20" Table="0396"/>
						<SubComponent Name="coding system version ID" Usage="O" Datatype="ST" Length="10"/>
						<SubComponent Name="alternate coding system version ID" Usage="O" Datatype="ST" Length="10"/>
						<SubComponent Name="original text" Usage="O" Datatype="ST" Length="199"/>
					</Component>
				</Field>
				<Field Name="SSN Number - Patient" Usage="X" Min="0" Max="*" Datatype="ST" Length="16" ItemNo="00122">
					<Reference>3.4.2.19</Reference>
				</Field>
				<Field Name="Driver's License Number - Patient" Usage="X" Min="0" Max="*" Datatype="DLN" Length="64" ItemNo="00123">
					<Reference>3.4.2.20</Reference>
					<Component Name="driver's license number" Usage="R" Datatype="ST" Length="20"/>
					<Component Name="issuing state, province, country" Usage="O" Datatype="IS" Length="20" Table="0333"/>
					<Component Name="expiration date" Usage="O" Datatype="DT" Length="24"/>
				</Field>
				<!--11/29/10 : modified by Caroline Rosin (NIST) <Field Name="Mother's Identifier" Usage="O" Min="0" Max="*" Datatype="CX" Length="1905" ItemNo="00124">-->
				<Field Name="Mother's Identifier" Usage="X" Min="0" Max="*" Datatype="CX" Length="1905" ItemNo="00124">
					<Reference>3.4.2.21</Reference>
					<Component Name="ID number" Usage="R" Datatype="ST" Length="15"/>
					<Component Name="check digit" Usage="O" Datatype="ST" Length="1"/>
					<Component Name="check digit scheme" Usage="O" Datatype="ID" Length="3" Table="0061"/>
					<Component Name="assigning authority" Usage="R" Datatype="HD" Length="227" Table="0363">
						<SubComponent Table="0300" Name="namespace ID" Usage="O" Datatype="IS" Length="20"/>
						<SubComponent Name="universal ID" Usage="C" Datatype="ST" Length="199"/>
						<SubComponent Name="universal ID type" Usage="C" Datatype="ID" Length="6" Table="0301"/>
					</Component>
					<Component Name="identifier type code" Usage="O" Datatype="ID" Length="5" Table="0203"/>
					<Component Name="assigning facility" Usage="O" Datatype="HD" Length="227">
						<SubComponent Name="namespace ID" Usage="O" Datatype="IS" Length="20" Table="0300"/>
						<SubComponent Name="universal ID" Usage="C" Datatype="ST" Length="199"/>
						<SubComponent Name="universal ID type" Usage="C" Datatype="ID" Length="6" Table="0301"/>
					</Component>
					<Component Name="effective date" Usage="O" Datatype="DT" Length="8"/>
					<Component Name="expiration date" Usage="O" Datatype="DT" Length="8"/>
					<Component Name="assigning jurisdiction" Usage="O" Datatype="CWE" Length="706">
						<SubComponent Name="identifier" Usage="O" Datatype="ST" Length="20"/>
						<SubComponent Name="text" Usage="O" Datatype="ST" Length="199"/>
						<SubComponent Name="name of coding system" Usage="O" Datatype="ID" Length="20" Table="0396"/>
						<SubComponent Name="alternate identifier" Usage="O" Datatype="ST" Length="20"/>
						<SubComponent Name="alternate text" Usage="O" Datatype="ST" Length="199"/>
						<SubComponent Name="name of alternate coding system" Usage="O" Datatype="ID" Length="20" Table="0396"/>
						<SubComponent Name="coding system version ID" Usage="O" Datatype="ST" Length="10"/>
						<SubComponent Name="alternate coding system version ID" Usage="O" Datatype="ST" Length="10"/>
						<SubComponent Name="original text" Usage="O" Datatype="ST" Length="199"/>
					</Component>
					<Component Name="assigning agency or department" Usage="O" Datatype="CWE" Length="705">
						<SubComponent Name="identifier" Usage="O" Datatype="ST" Length="20"/>
						<SubComponent Name="text" Usage="O" Datatype="ST" Length="199"/>
						<SubComponent Name="name of coding system" Usage="O" Datatype="ID" Length="20" Table="0396"/>
						<SubComponent Name="alternate identifier" Usage="O" Datatype="ST" Length="20"/>
						<SubComponent Name="alternate text" Usage="O" Datatype="ST" Length="199"/>
						<SubComponent Name="name of alternate coding system" Usage="O" Datatype="ID" Length="20" Table="0396"/>
						<SubComponent Name="coding system version ID" Usage="O" Datatype="ST" Length="10"/>
						<SubComponent Name="alternate coding system version ID" Usage="O" Datatype="ST" Length="10"/>
						<SubComponent Name="original text" Usage="O" Datatype="ST" Length="199"/>
					</Component>
				</Field>
				<!--11/29/10 : modified by Caroline Rosin (NIST) <Field Name="Ethnic Group" Usage="O" Min="0" Max="1" Datatype="CE" Length="478" Table="0189" ItemNo="00125">-->
				<Field Name="Ethnic Group" Usage="X" Min="0" Max="1" Datatype="CE" Length="478" Table="0189" ItemNo="00125">
					<Reference>3.4.2.22</Reference>
					<Component Name="identifier" Usage="O" Datatype="ST" Length="20"/>
					<Component Name="text" Usage="O" Datatype="ST" Length="199"/>
					<Component Name="name of coding system" Usage="O" Datatype="ID" Length="20" Table="0396"/>
					<Component Name="alternate identifier" Usage="O" Datatype="ST" Length="20"/>
					<Component Name="alternate text" Usage="O" Datatype="ST" Length="199"/>
					<Component Name="name of alternate coding system" Usage="O" Datatype="ID" Length="20" Table="0396"/>
				</Field>
				<!--11/29/10 : modified by Caroline Rosin (NIST) <Field Name="Birth Place" Usage="O" Min="0" Max="1" Datatype="ST" Length="250" ItemNo="00126"> -->
				<Field Name="Birth Place" Usage="X" Min="0" Max="1" Datatype="ST" Length="250" ItemNo="00126">
					<Reference>3.4.2.23</Reference>
				</Field>
				<!--11/29/10 : modified by Caroline Rosin (NIST) <Field Name="Multiple Birth Indicator" Usage="O" Min="0" Max="1" Datatype="ID" Length="1" Table="0136" ItemNo="00127">-->
				<Field Name="Multiple Birth Indicator" Usage="X" Min="0" Max="1" Datatype="ID" Length="1" Table="0136" ItemNo="00127">
					<Reference>3.4.2.24</Reference>
				</Field>
				<!--11/29/10 : modified by Caroline Rosin (NIST) <Field Name="Birth Order" Usage="O" Min="0" Max="1" Datatype="NM" Length="2" ItemNo="00128">-->
				<Field Name="Birth Order" Usage="X" Min="0" Max="1" Datatype="NM" Length="2" ItemNo="00128">
					<Reference>3.4.2.25</Reference>
				</Field>
				<!--11/29/10 : modified by Caroline Rosin (NIST) <Field Name="Citizenship" Usage="O" Min="0" Max="1" Datatype="CE" Length="478" Table="0171" ItemNo="00129">-->
				<Field Name="Citizenship" Usage="X" Min="0" Max="1" Datatype="CE" Length="478" Table="0171" ItemNo="00129">
					<Reference>3.4.2.26</Reference>
					<Component Name="identifier" Usage="O" Datatype="ST" Length="20"/>
					<Component Name="text" Usage="O" Datatype="ST" Length="199"/>
					<Component Name="name of coding system" Usage="O" Datatype="ID" Length="20" Table="0396"/>
					<Component Name="alternate identifier" Usage="O" Datatype="ST" Length="20"/>
					<Component Name="alternate text" Usage="O" Datatype="ST" Length="199"/>
					<Component Name="name of alternate coding system" Usage="O" Datatype="ID" Length="20" Table="0396"/>
				</Field>
				<!--11/29/10 : modified by Caroline Rosin (NIST) <Field Name="Veterans Military Status" Usage="O" Min="0" Max="1" Datatype="CE" Length="478" Table="0172" ItemNo="00130">-->
				<Field Name="Veterans Military Status" Usage="X" Min="0" Max="1" Datatype="CE" Length="478" Table="0172" ItemNo="00130">
					<Reference>3.4.2.27</Reference>
					<Component Name="identifier" Usage="O" Datatype="ST" Length="20"/>
					<Component Name="text" Usage="O" Datatype="ST" Length="199"/>
					<Component Name="name of coding system" Usage="O" Datatype="ID" Length="20" Table="0396"/>
					<Component Name="alternate identifier" Usage="O" Datatype="ST" Length="20"/>
					<Component Name="alternate text" Usage="O" Datatype="ST" Length="199"/>
					<Component Name="name of alternate coding system" Usage="O" Datatype="ID" Length="20" Table="0396"/>
				</Field>
				<Field Name="Nationality" Usage="X" Min="0" Max="*" Datatype="CE" Length="478" Table="0212" ItemNo="00739">
					<Reference>3.4.2.28</Reference>
					<Component Name="identifier" Usage="O" Datatype="ST" Length="20"/>
					<Component Name="text" Usage="O" Datatype="ST" Length="199"/>
					<Component Name="name of coding system" Usage="O" Datatype="ID" Length="20" Table="0396"/>
					<Component Name="alternate identifier" Usage="O" Datatype="ST" Length="20"/>
					<Component Name="alternate text" Usage="O" Datatype="ST" Length="199"/>
					<Component Name="name of alternate coding system" Usage="O" Datatype="ID" Length="20" Table="0396"/>
				</Field>
				<!--11/29/10 : modified by Caroline Rosin (NIST) <Field Name="Patient Death Date and Time" Usage="O" Min="0" Max="1" Datatype="TS" Length="26" ItemNo="00740">-->
				<Field Name="Patient Death Date and Time" Usage="X" Min="0" Max="1" Datatype="TS" Length="26" ItemNo="00740">
					<Reference>3.4.2.29</Reference>
					<Component Name="time" Usage="R" Datatype="DTM" Length="24">
						<DataValues ExValue="20040328134623.1234+0300"/>
					</Component>
					<Component Name="degree of precision" Usage="X" Datatype="ST" Length="1" Table="0529">
						<ImpNote>Retained for backward compatibility only</ImpNote>
						<DataValues ExValue="D"/>
					</Component>
				</Field>
				<!--11/29/10 : modified by Caroline Rosin (NIST) <Field Name="Patient Death Indicator" Usage="O" Min="0" Max="1" Datatype="ID" Length="1" Table="0136" ItemNo="00741">-->
				<Field Name="Patient Death Indicator" Usage="X" Min="0" Max="1" Datatype="ID" Length="1" Table="0136" ItemNo="00741">
					<Reference>3.4.2.30</Reference>
				</Field>
				<!--11/29/10 : modified by Caroline Rosin (NIST) <Field Name="Identity Unknown Indicator" Usage="O" Min="0" Max="1" Datatype="ID" Length="1" Table="0136" ItemNo="01535"> -->
				<Field Name="Identity Unknown Indicator" Usage="X" Min="0" Max="1" Datatype="ID" Length="1" Table="0136" ItemNo="01535">
					<Reference>3.4.2.31</Reference>
				</Field>
				<!--11/29/10 : modified by Caroline Rosin (NIST) <Field Name="Identity Reliability Code" Usage="O" Min="0" Max="1" Datatype="IS" Length="20" Table="0445" ItemNo="01536">-->
				<Field Name="Identity Reliability Code" Usage="X" Min="0" Max="1" Datatype="IS" Length="20" Table="0445" ItemNo="01536">
					<Reference>3.4.2.32</Reference>
				</Field>
				<!--11/29/10 : modified by Caroline Rosin (NIST) <Field Name="Last Update Date/Time" Usage="O" Min="0" Max="1" Datatype="TS" Length="26" ItemNo="01537"> -->
				<Field Name="Last Update Date/Time" Usage="X" Min="0" Max="1" Datatype="TS" Length="26" ItemNo="01537">
					<Reference>3.4.2.33</Reference>
					<Component Name="time" Usage="R" Datatype="DTM" Length="24">
						<DataValues ExValue="20040328134623.1234+0300"/>
					</Component>
					<Component Name="degree of precision" Usage="X" Datatype="ST" Length="1" Table="0529">
						<ImpNote>Retained for backward compatibility only</ImpNote>
						<DataValues ExValue="D"/>
					</Component>
				</Field>
				<!--11/29/10 : modified by Caroline Rosin (NIST) <Field Name="Last Update Facility" Usage="O" Min="0" Max="1" Datatype="HD" Length="241" ItemNo="01538">-->
				<Field Name="Last Update Facility" Usage="X" Min="0" Max="1" Datatype="HD" Length="241" ItemNo="01538">
					<Reference>3.4.2.34</Reference>
					<Component Name="namespace ID" Usage="O" Datatype="IS" Length="20" Table="0300"/>
					<Component Name="universal ID" Usage="C" Datatype="ST" Length="199"/>
					<Component Name="universal ID type" Usage="C" Datatype="ID" Length="6" Table="0301"/>
				</Field>
				<!--11/29/10 : modified by Caroline Rosin (NIST) <Field Name="Species Code" Usage="C" Min="0" Max="1" Datatype="CE" Length="478" Table="0446" ItemNo="01539"> -->
				<Field Name="Species Code" Usage="X" Min="0" Max="1" Datatype="CE" Length="478" Table="0446" ItemNo="01539">
					<Reference>3.4.2.35</Reference>
					<Component Name="identifier" Usage="O" Datatype="ST" Length="20"/>
					<Component Name="text" Usage="O" Datatype="ST" Length="199"/>
					<Component Name="name of coding system" Usage="O" Datatype="ID" Length="20" Table="0396"/>
					<Component Name="alternate identifier" Usage="O" Datatype="ST" Length="20"/>
					<Component Name="alternate text" Usage="O" Datatype="ST" Length="199"/>
					<Component Name="name of alternate coding system" Usage="O" Datatype="ID" Length="20" Table="0396"/>
				</Field>
				<!--11/29/10 : modified by Caroline Rosin (NIST) <Field Name="Breed Code" Usage="C" Min="0" Max="1" Datatype="CE" Length="478" Table="0447" ItemNo="01540">-->
				<Field Name="Breed Code" Usage="X" Min="0" Max="1" Datatype="CE" Length="478" Table="0447" ItemNo="01540">
					<Reference>3.4.2.36</Reference>
					<Component Name="identifier" Usage="O" Datatype="ST" Length="20"/>
					<Component Name="text" Usage="O" Datatype="ST" Length="199"/>
					<Component Name="name of coding system" Usage="O" Datatype="ID" Length="20" Table="0396"/>
					<Component Name="alternate identifier" Usage="O" Datatype="ST" Length="20"/>
					<Component Name="alternate text" Usage="O" Datatype="ST" Length="199"/>
					<Component Name="name of alternate coding system" Usage="O" Datatype="ID" Length="20" Table="0396"/>
				</Field>
				<!--11/29/10 : modified by Caroline Rosin (NIST) <Field Name="Strain" Usage="O" Min="0" Max="1" Datatype="ST" Length="80" ItemNo="01541">-->
				<Field Name="Strain" Usage="X" Min="0" Max="1" Datatype="ST" Length="80" ItemNo="01541">
					<Reference>3.4.2.37</Reference>
				</Field>
				<!--11/29/10 : modified by Caroline Rosin (NIST) <Field Name="Production Class Code" Usage="O" Min="0" Max="1" Datatype="CE" Length="478" Table="0429" ItemNo="01542"> -->
				<Field Name="Production Class Code" Usage="X" Min="0" Max="1" Datatype="CE" Length="478" Table="0429" ItemNo="01542">
					<Reference>3.4.2.38</Reference>
					<Component Name="identifier" Usage="O" Datatype="ST" Length="20"/>
					<Component Name="text" Usage="O" Datatype="ST" Length="199"/>
					<Component Name="name of coding system" Usage="O" Datatype="ID" Length="20" Table="0396"/>
					<Component Name="alternate identifier" Usage="O" Datatype="ST" Length="20"/>
					<Component Name="alternate text" Usage="O" Datatype="ST" Length="199"/>
					<Component Name="name of alternate coding system" Usage="O" Datatype="ID" Length="20" Table="0396"/>
				</Field>
				<!--11/29/10 : modified by Caroline Rosin (NIST) <Field Name="Tribal Citizenship" Usage="O" Min="0" Max="1" Datatype="CWE" Length="697" Table="0171" ItemNo="01840"> -->
				<Field Name="Tribal Citizenship" Usage="X" Min="0" Max="1" Datatype="CWE" Length="697" Table="0171" ItemNo="01840">
					<Reference>3.4.2.39</Reference>
					<Component Name="identifier" Usage="O" Datatype="ST" Length="20"/>
					<Component Name="text" Usage="O" Datatype="ST" Length="199"/>
					<Component Name="name of coding system" Usage="O" Datatype="ID" Length="20" Table="0396"/>
					<Component Name="alternate identifier" Usage="O" Datatype="ST" Length="20"/>
					<Component Name="alternate text" Usage="O" Datatype="ST" Length="199"/>
					<Component Name="name of alternate coding system" Usage="O" Datatype="ID" Length="20" Table="0396"/>
					<Component Name="coding system version ID" Usage="O" Datatype="ST" Length="10"/>
					<Component Name="alternate coding system version ID" Usage="O" Datatype="ST" Length="10"/>
					<Component Name="original text" Usage="O" Datatype="ST" Length="199"/>
				</Field>
			</Segment>
		</SegGroup>
		<Segment Name="DSC" LongName="Continuation Pointer" Usage="O" Min="0" Max="1">
			<Field Name="Continuation Pointer" Usage="R" Min="1" Max="1" Datatype="ST" Length="180" ItemNo="00014">
				<Reference>2.15.4.1</Reference>
			</Field>
			<Field Name="Continuation Style" Usage="O" Min="0" Max="1" Datatype="ID" Length="1" Table="0398" ItemNo="01354">
				<Reference>2.15.4.2</Reference>
			</Field>
		</Segment>
	</HL7v2xStaticDef>
</HL7v2xConformanceProfile>