<?xml version="1.0" encoding="UTF-8"?>
<!--
		This HL7 Message profile was written by the INRIA IHE-Development Team for 
		IHE Europe PLACE_HERE_LICENCE_TEXT 
	-->
<HL7v2xConformanceProfile xmlns:xsi="http://www.w3.org/2001/XMLSchema-instance" xsi:noNamespaceSchemaLocation="http://gazelle.ihe.net/xsd/HL7MessageProfileSchema.xsd"  HL7Version="2.5" ProfileType="Constrainable">
	<MetaData Name="ITI" OrgName="IHE" Version="2.3" Status="DRAFT" Topics="confsig-IHE-2.5-profile-accNE_accAL-Deferred"/>
	<ImpNote>General ACK Message</ImpNote>
	<UseCase/>
	<Encodings>
		<Encoding>ER7</Encoding>
	</Encodings>
	<DynamicDef AccAck="NE" AppAck="AL" MsgAckMode="Deferred"/>
	<HL7v2xStaticDef MsgType="ACK" EventType="A31" MsgStructID="ACK" EventDesc="General ACK Message" Role="Sender">
		<MetaData Name="ITI" OrgName="IHE" Version="2.3" Status="DRAFT" Topics="confsig-IHE-2.5-static-ACK-ALL-null-ACK_ALL-2.3-DRAFT-Sender"/>
		<Segment Name="MSH" LongName="Message Header" Usage="R" Min="1" Max="1">
			<Field Name="Field Separator" Usage="R" Min="1" Max="1" Datatype="ST" Length="1" ItemNo="00001">
				<Reference>2.15.9.1</Reference>
			</Field>
			<Field Name="Encoding Characters" Usage="R" Min="1" Max="1" Datatype="ST" Length="4" ItemNo="00002">
				<Reference>2.15.9.2</Reference>
			</Field>
			<Field Name="Sending Application" Usage="R" Min="1" Max="1" Datatype="HD" Length="227" Table="0361" ItemNo="00003">
				<Reference>2.15.9.3</Reference>
				<Component Table="0300" Name="namespace ID" Usage="R" Datatype="IS" Length="20">
				</Component>
				<Component Name="universal ID" Usage="C" Datatype="ST" Length="199">
          
        </Component>
				<Component Name="universal ID type" Usage="C" Datatype="ID" Length="6" Table="0301">
          
        </Component>
			</Field>
			<Field Name="Sending Facility" Usage="R" Min="1" Max="1" Datatype="HD" Length="227" Table="0362" ItemNo="00004">
				<Reference>2.15.9.4</Reference>
				<Component Table="0300" Name="namespace ID" Usage="R" Datatype="IS" Length="20">
				</Component>
				<Component Name="universal ID" Usage="C" Datatype="ST" Length="199">
          
        </Component>
				<Component Name="universal ID type" Usage="C" Datatype="ID" Length="6" Table="0301">
          
        </Component>
			</Field>
			<Field Name="Receiving Application" Usage="R" Min="1" Max="1" Datatype="HD" Length="227" Table="0361" ItemNo="00005">
				<Reference>2.15.9.5</Reference>
				<Component Table="0300" Name="namespace ID" Usage="R" Datatype="IS" Length="20">
				</Component>
				<Component Name="universal ID" Usage="C" Datatype="ST" Length="199">
          
        </Component>
				<Component Name="universal ID type" Usage="C" Datatype="ID" Length="6" Table="0301">
          
        </Component>
			</Field>
			<Field Name="Receiving Facility" Usage="R" Min="1" Max="1" Datatype="HD" Length="227" Table="0362" ItemNo="00006">
				<Reference>2.15.9.6</Reference>
				<Component Table="0300" Name="namespace ID" Usage="R" Datatype="IS" Length="20">
				</Component>
				<Component Name="universal ID" Usage="C" Datatype="ST" Length="199">
          
        </Component>
				<Component Name="universal ID type" Usage="C" Datatype="ID" Length="6" Table="0301">
          
        </Component>
			</Field>
			<Field Name="Date/Time Of Message" Usage="R" Min="1" Max="1" Datatype="TS" Length="26" ItemNo="00007">
				<Reference>2.15.9.7</Reference>
				<Component Name="time" Usage="R" Datatype="DTM" Length="24">
					<DataValues ExValue="20040328134623.1234+0300"/>
				</Component>
				<Component Name="degree of precision" Usage="X" Datatype="ST" Length="1" Table="0529">
					<ImpNote>Retained for backward compatibility
only
</ImpNote>
					<DataValues ExValue="D"/>
				</Component>
			</Field>
			<Field Name="Security" Usage="X" Min="0" Max="*" Datatype="ST" Length="40" ItemNo="00008">
				<Reference>2.15.9.8</Reference>
			</Field>
			<Field Name="Message Type" Usage="R" Min="1" Max="1" Datatype="MSG" Length="15" ItemNo="00009">
				<Reference>2.15.9.9</Reference>
				<Component Name="message code" Usage="R" Datatype="ID" Length="3" Table="0076">
				</Component>
				<Component Name="trigger event" Usage="R" Datatype="ID" Length="3" Table="0003">
				</Component>
				<Component Name="message structure" Usage="R" Datatype="ID" Length="7" Table="0354">
				</Component>
			</Field>
			<Field Name="Message Control ID" Usage="R" Min="1" Max="1" Datatype="ST" Length="20" ItemNo="00010">
				<Reference>2.15.8.2</Reference>
			</Field>
			<Field Name="Processing ID" Usage="R" Min="1" Max="1" Datatype="PT" Length="3" ItemNo="00011">
				<Reference>2.15.9.11</Reference>
				<Component Name="processing ID" Usage="O" Datatype="ID" Length="1" Table="0103">
				</Component>
				<Component Name="processing mode" Usage="O" Datatype="ID" Length="1" Table="0207">
				</Component>
			</Field>
			<Field Name="Version ID" Usage="R" Min="1" Max="1" Datatype="VID" Length="971" ItemNo="00012">
				<Reference>2.15.9.12</Reference>
				<!--09/30/2009 : modified by Caroline Rosin (NIST) <Component Name="version ID" Usage="O" Datatype="ID" Length="5" Table="0104"> -->
				<Component Name="version ID" Usage="R" Datatype="ID" Length="5" Table="0104">
				</Component>
				<Component Name="internationalization code" Usage="O" Datatype="CE" Length="483" Table="0399">
					<SubComponent Name="identifier" Usage="O" Datatype="ST" Length="20">
					</SubComponent>
					<SubComponent Name="text" Usage="O" Datatype="ST" Length="199">
					</SubComponent>
					<SubComponent Name="name of coding system" Usage="O" Datatype="ID" Length="20" Table="0396">
					</SubComponent>
					<SubComponent Name="alternate identifier" Usage="O" Datatype="ST" Length="20">
					</SubComponent>
					<SubComponent Name="alternate text" Usage="O" Datatype="ST" Length="199">
					</SubComponent>
					<SubComponent Name="name of alternate coding system" Usage="O" Datatype="ID" Length="20" Table="0396">
					</SubComponent>
				</Component>
				<Component Name="international version ID" Usage="O" Datatype="CE" Length="483">
					<SubComponent Name="identifier" Usage="O" Datatype="ST" Length="20">
					</SubComponent>
					<SubComponent Name="text" Usage="O" Datatype="ST" Length="199">
					</SubComponent>
					<SubComponent Name="name of coding system" Usage="O" Datatype="ID" Length="20" Table="0396">
					</SubComponent>
					<SubComponent Name="alternate identifier" Usage="O" Datatype="ST" Length="20">
					</SubComponent>
					<SubComponent Name="alternate text" Usage="O" Datatype="ST" Length="199">
					</SubComponent>
					<SubComponent Name="name of alternate coding system" Usage="O" Datatype="ID" Length="20" Table="0396">
					</SubComponent>
				</Component>
			</Field>
			<Field Name="Sequence Number" Usage="O" Min="0" Max="1" Datatype="NM" Length="15" ItemNo="00013">
				<Reference>2.15.9.13</Reference>
			</Field>
			<Field Name="Continuation Pointer" Usage="X" Min="0" Max="*" Datatype="ST" Length="180" ItemNo="00014">
				<Reference>2.15.4.1</Reference>
			</Field>
			<Field Name="Accept Acknowledgment Type" Usage="X" Min="0" Max="*" Datatype="ID" Length="2" Table="0155" ItemNo="00015">
				<Reference>2.15.9.15</Reference>
			</Field>
			<Field Name="Application Acknowledgment Type" Usage="X" Min="0" Max="*" Datatype="ID" Length="2" Table="0155" ItemNo="00016">
				<Reference>2.15.9.16</Reference>
			</Field>
			<Field Name="Country Code" Usage="RE" Min="0" Max="1" Datatype="ID" Length="3" Table="0399" ItemNo="00017">
				<Reference>2.15.9.17</Reference>
			</Field>
			<Field Name="Character Set" Usage="C" Min="0" Max="*" Datatype="ID" Length="16" Table="0211" ItemNo="00692">
				<Reference>2.15.9.18</Reference>
			</Field>
			<Field Name="Principal Language Of Message" Usage="RE" Min="0" Max="1" Datatype="CE" Length="478" ItemNo="00693">
				<Reference>2.15.9.19</Reference>
				<Component Name="identifier" Usage="O" Datatype="ST" Length="20">
				</Component>
				<Component Name="text" Usage="O" Datatype="ST" Length="199">
				</Component>
				<Component Name="name of coding system" Usage="O" Datatype="ID" Length="20" Table="0396">
				</Component>
				<Component Name="alternate identifier" Usage="O" Datatype="ST" Length="20">
				</Component>
				<Component Name="alternate text" Usage="O" Datatype="ST" Length="199">
				</Component>
				<Component Name="name of alternate coding system" Usage="O" Datatype="ID" Length="20" Table="0396">
				</Component>
			</Field>
			<Field Name="Alternate Character Set Handling Scheme" Usage="X" Min="0" Max="*" Datatype="ID" Length="20" Table="0356" ItemNo="01317">
				<Reference>2.15.9.20</Reference>
			</Field>
			<Field Name="Message Profile Identifier" Usage="RE" Min="0" Max="*" Datatype="EI" Length="427" ItemNo="01598">
				<Reference>2.15.9.21</Reference>
				<Component Name="entity identifier" Usage="R" Datatype="ST" Length="199">
				</Component>
				<Component Name="namespace ID" Usage="C" Datatype="IS" Length="20" Table="0363">
				</Component>
				<Component Name="universal ID" Usage="C" Datatype="ST" Length="199">
				</Component>
				<Component Name="universal ID type" Usage="C" Datatype="ID" Length="6" Table="0301">
				</Component>
			</Field>
		</Segment>
		<Segment Name="SFT" LongName="Software Segment" Usage="O" Min="0" Max="*">
			<Field Name="Software Vendor Organization" Usage="R" Min="1" Max="1" Datatype="XON" Length="567" ItemNo="01834">
				<Reference>2.15.12.1</Reference>
				<Component Name="organization name" Usage="O" Datatype="ST" Length="50">
				</Component>
				<Component Name="organization name type code" Usage="O" Datatype="IS" Length="20" Table="0204">
				</Component>
				<Component Name="ID number" Usage="X" Datatype="NM" Length="4">
				</Component>
				<Component Name="check digit" Usage="O" Datatype="NM" Length="1">
				</Component>
				<Component Name="check digit scheme" Usage="O" Datatype="ID" Length="3" Table="0061">
				</Component>
				<Component Name="assigning authority" Usage="O" Datatype="HD" Length="227" Table="0363">
					<SubComponent Table="0300" Name="namespace ID" Usage="R" Datatype="IS" Length="20">
					</SubComponent>
					<SubComponent Name="universal ID" Usage="C" Datatype="ST" Length="199">
            
          </SubComponent>
					<SubComponent Name="universal ID type" Usage="C" Datatype="ID" Length="6" Table="0301">
            
          </SubComponent>
				</Component>
				<Component Datatype="ID" Name="identifier type code" Usage="O" Length="5" Table="0203">
				</Component>
				<Component Name="assigning facility ID" Usage="O" Datatype="HD" Length="227">
					<SubComponent Name="namespace ID" Usage="R" Datatype="IS" Length="20" Table="0300">
					</SubComponent>
					<SubComponent Name="universal ID" Usage="C" Datatype="ST" Length="199">
            
          </SubComponent>
					<SubComponent Name="universal ID type" Usage="C" Datatype="ID" Length="6" Table="0301">
            
          </SubComponent>
				</Component>
				<Component Name="name eepresentation code" Usage="O" Datatype="ID" Length="1" Table="0465">
				</Component>
				<Component Name="organization identifier" Usage="O" Datatype="ST" Length="20">
				</Component>
			</Field>
			<Field Name="Software Certified Version or Release Number" Usage="R" Min="1" Max="1" Datatype="ST" Length="15" ItemNo="01835">
				<Reference>2.15.12.2</Reference>
			</Field>
			<Field Name="Software Product Name" Usage="R" Min="1" Max="1" Datatype="ST" Length="20" ItemNo="01836">
				<Reference>2.15.12.3</Reference>
			</Field>
			<Field Name="Software Binary ID" Usage="R" Min="1" Max="1" Datatype="ST" Length="20" ItemNo="01837">
				<Reference>2.15.12.4</Reference>
			</Field>
			<Field Name="Software Product Information" Usage="O" Min="0" Max="1" Datatype="TX" Length="1024" ItemNo="01838">
				<Reference>2.15.12.5</Reference>
			</Field>
			<Field Name="Software Install Date" Usage="O" Min="0" Max="1" Datatype="TS" Length="26" ItemNo="01839">
				<Reference>2.15.12.6</Reference>
				<Component Name="time" Usage="R" Datatype="DTM" Length="24">
					<DataValues ExValue="20040328134623.1234+0300"/>
				</Component>
				<Component Name="degree of precision" Usage="X" Datatype="ST" Length="1" Table="0529">
					<ImpNote>Retained for backward compatibility
only
</ImpNote>
					<DataValues ExValue="D"/>
				</Component>
			</Field>
		</Segment>
		<Segment Name="MSA" LongName="Message Acknowledgment" Usage="R" Min="1" Max="1">
			<Field Name="Acknowledgment Code" Usage="R" Min="1" Max="1" Datatype="ID" Length="2" Table="0008" ItemNo="00018">
				<Reference>2.15.8.1</Reference>
			</Field>
			<Field Name="Message Control ID" Usage="R" Min="1" Max="1" Datatype="ST" Length="20" ItemNo="00010">
				<Reference>2.15.8.2</Reference>
			</Field>
			<Field Name="Text Message" Usage="X" Min="0" Max="*" Datatype="ST" Length="80" ItemNo="00020">
				<Reference>2.15.8.3</Reference>
			</Field>
			<Field Name="Expected Sequence Number" Usage="O" Min="0" Max="1" Datatype="NM" Length="15" ItemNo="00021">
				<Reference>2.15.8.4</Reference>
			</Field>
			<Field Name="Delayed Acknowledgment Type" Usage="X" Min="0" Max="*" Datatype="ID" Length="1" ItemNo="00022">
				<Reference>2.15.8.5</Reference>
			</Field>
			<Field Name="Error Condition" Usage="X" Min="0" Max="*" Datatype="CE" Length="478" Table="0357" ItemNo="00023">
				<Reference>2.15.8.6</Reference>
				<Component Name="identifier" Usage="O" Datatype="ST" Length="20">
				</Component>
				<Component Name="text" Usage="O" Datatype="ST" Length="199">
				</Component>
				<Component Name="name of coding system" Usage="O" Datatype="ID" Length="20" Table="0396">
				</Component>
				<Component Name="alternate identifier" Usage="O" Datatype="ST" Length="20">
				</Component>
				<Component Name="alternate text" Usage="O" Datatype="ST" Length="199">
				</Component>
				<Component Name="name of alternate coding system" Usage="O" Datatype="ID" Length="20" Table="0396">
				</Component>
			</Field>
		</Segment>
		<Segment Name="ERR" LongName="Error" Usage="C" Min="0" Max="*">
			<Field Name="Error Code and Location" Usage="X" Min="0" Max="*" Datatype="ELD" Length="493" ItemNo="00024">
				<Reference>2.15.5.1</Reference>
				<Component Name="segment ID" Usage="O" Datatype="ST" Length="3">
				</Component>
				<Component Name="segment sequence" Usage="O" Datatype="NM" Length="2">
				</Component>
				<Component Name="field position" Usage="O" Datatype="NM" Length="2">
				</Component>
				<Component Name="code identifying error" Usage="O" Datatype="CE" Length="483">
					<SubComponent Name="identifier" Usage="O" Datatype="ST" Length="20">
					</SubComponent>
					<SubComponent Name="text" Usage="O" Datatype="ST" Length="199">
					</SubComponent>
					<SubComponent Name="name of coding system" Usage="O" Datatype="ID" Length="20" Table="0396">
					</SubComponent>
					<SubComponent Name="alternate identifier" Usage="O" Datatype="ST" Length="20">
					</SubComponent>
					<SubComponent Name="alternate text" Usage="O" Datatype="ST" Length="199">
					</SubComponent>
					<SubComponent Name="name of alternate coding system" Usage="O" Datatype="ID" Length="20" Table="0396">
					</SubComponent>
				</Component>
			</Field>
			<Field Name="Error Location" Usage="RE" Min="0" Max="*" Datatype="ERL" Length="18" ItemNo="01812">
				<Reference>2.15.5.2</Reference>
				<Component Name="segment ID" Usage="R" Datatype="ST" Length="3">
				</Component>
				<Component Name="segment sequence" Usage="R" Datatype="NM" Length="2">
				</Component>
				<Component Name="field position" Usage="O" Datatype="NM" Length="2">
				</Component>
				<Component Name="field repeition" Usage="O" Datatype="NM" Length="2">
				</Component>
				<Component Name="component number" Usage="O" Datatype="NM" Length="2">
				</Component>
				<Component Name="sub-component number" Usage="O" Datatype="NM" Length="2">
				</Component>
			</Field>
			<Field Name="HL7 Error Code" Usage="R" Min="1" Max="1" Datatype="CWE" Length="705" Table="0357" ItemNo="01813">
				<Reference>2.15.5.3</Reference>
				<Component Name="identifier" Usage="O" Datatype="ST" Length="20">
				</Component>
				<Component Name="text" Usage="O" Datatype="ST" Length="199">
				</Component>
				<Component Name="name of coding system" Usage="O" Datatype="ID" Length="20" Table="0396">
				</Component>
				<Component Name="alternate identifier" Usage="O" Datatype="ST" Length="20">
				</Component>
				<Component Name="alternate text" Usage="O" Datatype="ST" Length="199">
				</Component>
				<Component Name="name of alternate coding system" Usage="O" Datatype="ID" Length="20" Table="0396">
				</Component>
				<Component Name="coding system version ID" Usage="O" Datatype="ST" Length="10">
				</Component>
				<Component Name="alternate coding system version ID" Usage="O" Datatype="ST" Length="10">
				</Component>
				<Component Name="original text" Usage="O" Datatype="ST" Length="199">
				</Component>
			</Field>
			<Field Name="Severity" Usage="R" Min="1" Max="1" Datatype="ID" Length="2" Table="0516" ItemNo="01814">
				<Reference>2.15.5.4</Reference>
			</Field>
			<Field Name="Application Error Code" Usage="O" Min="0" Max="1" Datatype="CWE" Length="705" Table="0533" ItemNo="01815">
				<Reference>2.15.5.5</Reference>
				<Component Name="identifier" Usage="O" Datatype="ST" Length="20">
				</Component>
				<Component Name="text" Usage="O" Datatype="ST" Length="199">
				</Component>
				<Component Name="name of coding system" Usage="O" Datatype="ID" Length="20" Table="0396">
				</Component>
				<Component Name="alternate identifier" Usage="O" Datatype="ST" Length="20">
				</Component>
				<Component Name="alternate text" Usage="O" Datatype="ST" Length="199">
				</Component>
				<Component Name="name of alternate coding system" Usage="O" Datatype="ID" Length="20" Table="0396">
				</Component>
				<Component Name="coding system version ID" Usage="O" Datatype="ST" Length="10">
				</Component>
				<Component Name="alternate coding system version ID" Usage="O" Datatype="ST" Length="10">
				</Component>
				<Component Name="original text" Usage="O" Datatype="ST" Length="199">
				</Component>
			</Field>
			<Field Name="Application Error Parameter" Usage="O" Min="0" Max="*" Datatype="ST" Length="80" ItemNo="01816">
				<Reference>2.15.5.6</Reference>
			</Field>
			<Field Name="Diagnostic Information" Usage="O" Min="0" Max="1" Datatype="TX" Length="2048" ItemNo="01817">
				<Reference>2.15.5.7</Reference>
			</Field>
			<Field Name="User Message" Usage="O" Min="0" Max="1" Datatype="TX" Length="250" ItemNo="01818">
				<Reference>2.15.5.8</Reference>
			</Field>
			<Field Name="Inform Person Indicator" Usage="O" Min="0" Max="*" Datatype="IS" Length="20" Table="0517" ItemNo="01819">
				<Reference>2.15.5.9</Reference>
			</Field>
			<Field Name="Override Type" Usage="O" Min="0" Max="1" Datatype="CWE" Length="705" Table="0518" ItemNo="01820">
				<Reference>2.15.5.10</Reference>
				<Component Name="identifier" Usage="O" Datatype="ST" Length="20">
				</Component>
				<Component Name="text" Usage="O" Datatype="ST" Length="199">
				</Component>
				<Component Name="name of coding system" Usage="O" Datatype="ID" Length="20" Table="0396">
				</Component>
				<Component Name="alternate identifier" Usage="O" Datatype="ST" Length="20">
				</Component>
				<Component Name="alternate text" Usage="O" Datatype="ST" Length="199">
				</Component>
				<Component Name="name of alternate coding system" Usage="O" Datatype="ID" Length="20" Table="0396">
				</Component>
				<Component Name="coding system version ID" Usage="O" Datatype="ST" Length="10">
				</Component>
				<Component Name="alternate coding system version ID" Usage="O" Datatype="ST" Length="10">
				</Component>
				<Component Name="original text" Usage="O" Datatype="ST" Length="199">
				</Component>
			</Field>
			<Field Name="Override Reason Code" Usage="O" Min="0" Max="*" Datatype="CWE" Length="705" Table="0519" ItemNo="01821">
				<Reference>2.15.5.11</Reference>
				<Component Name="identifier" Usage="O" Datatype="ST" Length="20">
				</Component>
				<Component Name="text" Usage="O" Datatype="ST" Length="199">
				</Component>
				<Component Name="name of coding system" Usage="O" Datatype="ID" Length="20" Table="0396">
				</Component>
				<Component Name="alternate identifier" Usage="O" Datatype="ST" Length="20">
				</Component>
				<Component Name="alternate text" Usage="O" Datatype="ST" Length="199">
				</Component>
				<Component Name="name of alternate coding system" Usage="O" Datatype="ID" Length="20" Table="0396">
				</Component>
				<Component Name="coding system version ID" Usage="O" Datatype="ST" Length="10">
				</Component>
				<Component Name="alternate coding system version ID" Usage="O" Datatype="ST" Length="10">
				</Component>
				<Component Name="original text" Usage="O" Datatype="ST" Length="199">
				</Component>
			</Field>
			<Field Name="Help Desk Contact Point" Usage="O" Min="0" Max="*" Datatype="XTN" Length="652" ItemNo="01822">
				<Reference>2.15.5.12</Reference>
				<Component Name="telephone number" Usage="X" Datatype="ST" Length="199">
					<ImpNote>Format: [NNN] [(999)]999-9999 [X99999] [B99999] [C any
text]
</ImpNote>
				</Component>
				<Component Name="telecommunication use code" Usage="O" Datatype="ID" Length="3" Table="0201">
				</Component>
				<Component Name="telecommunication equipment type" Usage="O" Datatype="ID" Length="8" Table="0202">
				</Component>
				<Component Name="email address" Usage="O" Datatype="ST" Length="199">
				</Component>
				<Component Name="country code" Usage="O" Datatype="NM" Length="3">
				</Component>
				<Component Name="area/city code" Usage="O" Datatype="NM" Length="5">
				</Component>
				<Component Name="local number" Usage="O" Datatype="NM" Length="9">
				</Component>
				<Component Name="extension" Usage="O" Datatype="NM" Length="5">
				</Component>
				<Component Name="any text" Usage="O" Datatype="ST" Length="199">
				</Component>
				<Component Name="extension prefix" Usage="O" Datatype="ST" Length="4">
				</Component>
				<Component Name="speed dial code" Usage="O" Datatype="ST" Length="6">
				</Component>
				<Component Name="unformatted telephone number" Usage="C" Datatype="ST" Length="199">
          
        </Component>
			</Field>
		</Segment>
	</HL7v2xStaticDef>
</HL7v2xConformanceProfile>
