<?xml version="1.0" encoding="UTF-8"?>
<con:HL7V2MessageValidationContextDefinition xmlns:con="http://www.nist.gov/healthcare/validation/message/hl7/v2/context">
	<con:ValidationConfiguration>
		<con:HL7Tables>
			<con:All/>
		</con:HL7Tables>
		<con:UserTables>
			<con:All/>
		</con:UserTables>
	</con:ValidationConfiguration>
	<con:FailureInterpretation>
		<con:MessageFailure Result="IGNORE" Type="LENGTH"/>
	</con:FailureInterpretation>
	<con:MessageInstanceSpecificValues>
		<!--MSH[1].9[1].1-->
		<con:DataValueLocationItem>
			<con:Location>
				<mes:Segment Name="MSH" InstanceNumber="1" xmlns:mes="http://www.nist.gov/healthcare/message">
					<mes:Field Position="9" InstanceNumber="1">
						<mes:Component Position="1"/>
					</mes:Field>
				</mes:Segment>
			</con:Location>
			<con:Value>
				<val:PlainText xmlns:val="http://www.nist.gov/healthcare/validation">ACK</val:PlainText>
			</con:Value>
		</con:DataValueLocationItem>
		<!--MSH[1].9[1].2-->
		<con:DataValueLocationItem>
			<con:Location>
				<mes:Segment Name="MSH" InstanceNumber="1" xmlns:mes="http://www.nist.gov/healthcare/message">
					<mes:Field Position="9" InstanceNumber="1">
						<mes:Component Position="2"/>
					</mes:Field>
				</mes:Segment>
			</con:Location>
			<con:Value>
				<val:PlainText xmlns:val="http://www.nist.gov/healthcare/validation">A31</val:PlainText>
			</con:Value>
		</con:DataValueLocationItem>
		<!--MSH[1].9[1].3-->
		<con:DataValueLocationItem>
			<con:Location>
				<mes:Segment Name="MSH" InstanceNumber="1" xmlns:mes="http://www.nist.gov/healthcare/message">
					<mes:Field Position="9" InstanceNumber="1">
						<mes:Component Position="3"/>
					</mes:Field>
				</mes:Segment>
			</con:Location>
			<con:Value>
				<val:PlainText xmlns:val="http://www.nist.gov/healthcare/validation">ACK</val:PlainText>
			</con:Value>
			<con:Value>
				<val:Empty xmlns:val="http://www.nist.gov/healthcare/validation"/>
			</con:Value>
		</con:DataValueLocationItem>
		<!--MSA[1].1[1]-->
		<con:DataValueLocationItem>
			<con:Location>
				<mes:Segment Name="MSA" InstanceNumber="1" xmlns:mes="http://www.nist.gov/healthcare/message">
					<mes:Field Position="1" InstanceNumber="1"/>
				</mes:Segment>
			</con:Location>
			<con:Value>
				<val:PlainText xmlns:val="http://www.nist.gov/healthcare/validation">AA</val:PlainText>
			</con:Value>
		</con:DataValueLocationItem>
	</con:MessageInstanceSpecificValues>
</con:HL7V2MessageValidationContextDefinition>
